left_mid_x,left_mid_y,left_inner_x,left_inner_y,left_outer_x,left_outer_y,right_mid_x,right_mid_y,right_inner_x,right_inner_y,right_outer_x,right_outer_y
99.99367354372266,100.02043130785708,94.98003750589852,100.02043130785708,105.03786264838098,100.02043130785708,110.04157022061251,100.00741344898692,105.08257591980092,100.00741344898692,115.19071038270502,100.00741344898692
