left_mid_x,left_mid_y,left_inner_x,left_inner_y,left_outer_x,left_outer_y,right_mid_x,right_mid_y,right_inner_x,right_inner_y,right_outer_x,right_outer_y
100.01989064939144,99.98952371071688,95.00685514305589,99.98952371071688,104.9571427816992,99.98952371071688,109.99895370922722,100.0149633747833,105.03780091551988,100.0149633747833,115.0457165802676,100.0149633747833
