left_mid_x,left_mid_y,left_inner_x,left_inner_y,left_outer_x,left_outer_y,right_mid_x,right_mid_y,right_inner_x,right_inner_y,right_outer_x,right_outer_y
100.00677472045489,100.00281512678023,95.01385475264024,100.00281512678023,105.05276252025364,100.00281512678023,109.99089106129536,99.97534719884604,105.10145656726448,99.97534719884604,114.9365140002188,99.97534719884604
