left_mid_x,left_mid_y,left_inner_x,left_inner_y,left_outer_x,left_outer_y,right_mid_x,right_mid_y,right_inner_x,right_inner_y,right_outer_x,right_outer_y
99.97223278213644,100.0260569512349,94.99346076875182,100.0260569512349,105.01170012890708,100.0260569512349,109.98163834433792,99.9753170500557,104.96423275870808,99.9753170500557,115.01437805773732,99.9753170500557
