left_mid_x,left_mid_y,left_inner_x,left_inner_y,left_outer_x,left_outer_y,right_mid_x,right_mid_y,right_inner_x,right_inner_y,right_outer_x,right_outer_y
100.0345035607497,99.98389293880668,95.1829393481971,99.98389293880668,104.98929810721503,99.98389293880668,110.01956401081812,99.96004921753232,105.05413774886834,99.96004921753232,114.93656622604094,99.96004921753232
