left_mid_x,left_mid_y,left_inner_x,left_inner_y,left_outer_x,left_outer_y,right_mid_x,right_mid_y,right_inner_x,right_inner_y,right_outer_x,right_outer_y
99.999844376943,99.95978787037724,94.80110949673004,99.95978787037724,104.87436025857176,99.95978787037724,110.00914028911154,100.01353879963692,104.87209372137134,100.01353879963692,114.99637194303952,100.01353879963692
