left_mid_x,left_mid_y,left_inner_x,left_inner_y,left_outer_x,left_outer_y,right_mid_x,right_mid_y,right_inner_x,right_inner_y,right_outer_x,right_outer_y
100.03484084245144,100.01975822297628,95.0869694584634,100.01975822297628,104.8764600173252,100.01975822297628,110.01991257597952,99.97138874558432,104.9880383657044,99.97138874558432,115.00723236883358,99.97138874558432
