left_mid_x,left_mid_y,left_inner_x,left_inner_y,left_outer_x,left_outer_y,right_mid_x,right_mid_y,right_inner_x,right_inner_y,right_outer_x,right_outer_y
99.97784898312018,99.9979546115632,94.96671989356284,99.9979546115632,104.89357784933073,99.9979546115632,110.00423822488196,99.98402827306008,105.05999796973376,99.98402827306008,114.98523904875482,99.98402827306008
