left_mid_x,left_mid_y,left_inner_x,left_inner_y,left_outer_x,left_outer_y,right_mid_x,right_mid_y,right_inner_x,right_inner_y,right_outer_x,right_outer_y
100.03696908808251,99.99930341311516,94.93705703481444,99.99930341311516,104.94493808153598,99.99930341311516,110.00062437807144,99.99290290917776,105.02703772663702,99.99290290917776,114.81733645722692,99.99290290917776
