left_mid_x,left_mid_y,left_inner_x,left_inner_y,left_outer_x,left_outer_y,right_mid_x,right_mid_y,right_inner_x,right_inner_y,right_outer_x,right_outer_y
99.98543936441816,100.00888326458472,94.98388694504766,100.00888326458472,104.94110031940752,100.00888326458472,109.97817451642123,100.04841775695374,105.02769656962236,100.04841775695374,115.0210432229866,100.04841775695374
