left_mid_x,left_mid_y,left_inner_x,left_inner_y,left_outer_x,left_outer_y,right_mid_x,right_mid_y,right_inner_x,right_inner_y,right_outer_x,right_outer_y
99.995310079657,99.98275261553042,95.06475613053864,99.98275261553042,105.01554313299502,99.98275261553042,109.95650262588582,100.00539951795626,105.06615809542282,100.00539951795626,115.06188434854045,100.00539951795626
