left_mid_x,left_mid_y,left_inner_x,left_inner_y,left_outer_x,left_outer_y,right_mid_x,right_mid_y,right_inner_x,right_inner_y,right_outer_x,right_outer_y
100.01751977785064,100.00003907469927,94.94851903415908,100.00003907469927,105.0057753132567,100.00003907469927,110.01627241200742,100.00406121632922,104.9350857384525,100.00406121632922,115.16206144982256,100.00406121632922
