left_mid_x,left_mid_y,left_inner_x,left_inner_y,left_outer_x,left_outer_y,right_mid_x,right_mid_y,right_inner_x,right_inner_y,right_outer_x,right_outer_y
100.00510277808928,100.04107867614664,95.06043331160734,100.04107867614664,105.11397694730324,100.04107867614664,110.01370574162192,100.02595836893242,104.93793089880144,100.02595836893242,115.17133286146252,100.02595836893242
