left_mid_x,left_mid_y,left_inner_x,left_inner_y,left_outer_x,left_outer_y,right_mid_x,right_mid_y,right_inner_x,right_inner_y,right_outer_x,right_outer_y
99.98670011309142,100.02805206805334,94.93721768966596,100.02805206805334,104.96446696405488,100.02805206805334,109.97570020714558,100.01539825635751,105.1158233409722,100.01539825635751,114.95389114546408,100.01539825635751
