left_mid_x,left_mid_y,left_inner_x,left_inner_y,left_outer_x,left_outer_y,right_mid_x,right_mid_y,right_inner_x,right_inner_y,right_outer_x,right_outer_y
99.99198904756032,99.9414585973251,94.96748826953188,99.9414585973251,105.11160989633228,99.9414585973251,109.9876386440873,99.99349373943308,105.0099059240356,99.99349373943308,114.8531314756808,99.99349373943308
