left_mid_x,left_mid_y,left_inner_x,left_inner_y,left_outer_x,left_outer_y,right_mid_x,right_mid_y,right_inner_x,right_inner_y,right_outer_x,right_outer_y
99.99210618698372,100.03822269408722,95.10753827926932,100.03822269408722,104.92129049371536,100.03822269408722,110.02024992550687,99.97483760949274,105.13911166491418,99.97483760949274,114.96568708603472,99.97483760949274
