left_mid_x,left_mid_y,left_inner_x,left_inner_y,left_outer_x,left_outer_y,right_mid_x,right_mid_y,right_inner_x,right_inner_y,right_outer_x,right_outer_y
100.00708995375236,100.00994736054392,95.09244752466503,100.00994736054392,104.88877748253492,100.00994736054392,110.00304035208887,100.03220957071858,104.8369964771612,100.03220957071858,115.12403364279484,100.03220957071858
