left_mid_x,left_mid_y,left_inner_x,left_inner_y,left_outer_x,left_outer_y,right_mid_x,right_mid_y,right_inner_x,right_inner_y,right_outer_x,right_outer_y
99.9801286887627,100.01196023759952,94.84136317150544,100.01196023759952,104.86070265416758,100.01196023759952,109.9585571892934,100.02686379001062,104.84346853385554,100.02686379001062,114.95492190833038,100.02686379001062
