left_mid_x,left_mid_y,left_inner_x,left_inner_y,left_outer_x,left_outer_y,right_mid_x,right_mid_y,right_inner_x,right_inner_y,right_outer_x,right_outer_y
99.94923457307512,99.99327346765824,94.99550181572248,99.99327346765824,105.06080727601368,99.99327346765824,109.99624038884876,100.02849324841924,105.12722376067327,100.02849324841924,115.10303493754476,100.02849324841924
