left_mid_x,left_mid_y,left_inner_x,left_inner_y,left_outer_x,left_outer_y,right_mid_x,right_mid_y,right_inner_x,right_inner_y,right_outer_x,right_outer_y
99.99006304624704,100.0044428494486,94.85500056303728,100.0044428494486,104.99443397794109,100.0044428494486,110.0186530604797,99.98446162871544,104.99640208567916,99.98446162871544,114.9815553658862,99.98446162871544
