left_mid_x,left_mid_y,left_inner_x,left_inner_y,left_outer_x,left_outer_y,right_mid_x,right_mid_y,right_inner_x,right_inner_y,right_outer_x,right_outer_y
99.9358385750216,99.9809365918644,94.98084044788884,99.9809365918644,104.88011189252632,99.9809365918644,110.0046948408336,99.99952245789314,104.79190211771122,99.99952245789314,115.0475108588466,99.99952245789314
