left_mid_x,left_mid_y,left_inner_x,left_inner_y,left_outer_x,left_outer_y,right_mid_x,right_mid_y,right_inner_x,right_inner_y,right_outer_x,right_outer_y
100.0127795566346,99.99939889534912,95.10957844338712,99.99939889534912,104.85532745253732,99.99939889534912,110.02374640010568,99.99204283796168,105.10298238741724,99.99204283796168,114.82713410389128,99.99204283796168
