left_mid_x,left_mid_y,left_inner_x,left_inner_y,left_outer_x,left_outer_y,right_mid_x,right_mid_y,right_inner_x,right_inner_y,right_outer_x,right_outer_y
99.94164185453803,99.99511214699322,95.07328660413786,99.99511214699322,104.95990031195797,99.99511214699322,109.96094259828917,100.006004251462,104.96831118335368,100.006004251462,114.9214693695852,100.006004251462
