left_mid_x,left_mid_y,left_inner_x,left_inner_y,left_outer_x,left_outer_y,right_mid_x,right_mid_y,right_inner_x,right_inner_y,right_outer_x,right_outer_y
99.97492503703415,100.01093146576773,94.87974748513724,100.01093146576773,104.90854362365664,100.01093146576773,110.04286267026188,99.94985884976658,105.03617122936926,99.94985884976658,115.11181409926044,99.94985884976658
