left_mid_x,left_mid_y,left_inner_x,left_inner_y,left_outer_x,left_outer_y,right_mid_x,right_mid_y,right_inner_x,right_inner_y,right_outer_x,right_outer_y
99.98330071777244,100.03808172482996,94.89434136216308,100.03808172482996,105.1277626464444,100.03808172482996,110.03767707684152,100.04581309008996,105.01555692086386,100.04581309008996,115.09697942358667,100.04581309008996
