left_mid_x,left_mid_y,left_inner_x,left_inner_y,left_outer_x,left_outer_y,right_mid_x,right_mid_y,right_inner_x,right_inner_y,right_outer_x,right_outer_y
100.02075163673015,100.0039759065758,95.12545030529122,100.0039759065758,104.84856071913772,100.0039759065758,109.97729658498392,99.9786215572207,104.96411018811511,99.9786215572207,115.15582690178564,99.9786215572207
