left_mid_x,left_mid_y,left_inner_x,left_inner_y,left_outer_x,left_outer_y,right_mid_x,right_mid_y,right_inner_x,right_inner_y,right_outer_x,right_outer_y
99.96859987496003,100.02610897314304,94.76328659784296,100.02610897314304,104.93101793761632,100.02610897314304,109.99724575890154,100.0324256816982,105.07635567189432,100.0324256816982,114.93148577521914,100.0324256816982
