left_mid_x,left_mid_y,left_inner_x,left_inner_y,left_outer_x,left_outer_y,right_mid_x,right_mid_y,right_inner_x,right_inner_y,right_outer_x,right_outer_y
99.99286590570917,100.01811264933173,94.96538849688152,100.01811264933173,104.93759017071464,100.01811264933173,110.00096330337398,99.99549464925212,104.80488473031346,99.99549464925212,114.99618966665628,99.99549464925212
