left_mid_x,left_mid_y,left_inner_x,left_inner_y,left_outer_x,left_outer_y,right_mid_x,right_mid_y,right_inner_x,right_inner_y,right_outer_x,right_outer_y
99.98875319882067,99.9607796927416,95.12968937361656,99.9607796927416,105.0172963062076,99.9607796927416,110.01620947660108,100.0018511572907,105.06582809298256,100.0018511572907,115.0666858814178,100.0018511572907
