left_mid_x,left_mid_y,left_inner_x,left_inner_y,left_outer_x,left_outer_y,right_mid_x,right_mid_y,right_inner_x,right_inner_y,right_outer_x,right_outer_y
99.97965015232752,99.96775247136924,95.0081040882484,99.96775247136924,105.00198254011435,99.96775247136924,110.00931604629515,99.99548132811996,105.03135898163926,99.99548132811996,114.89557221450976,99.99548132811996
