left_mid_x,left_mid_y,left_inner_x,left_inner_y,left_outer_x,left_outer_y,right_mid_x,right_mid_y,right_inner_x,right_inner_y,right_outer_x,right_outer_y
99.99698998049456,99.99105045423346,95.04629902423086,99.99105045423346,105.17552681718703,99.99105045423346,109.9690595513886,99.9735403457933,104.90665900661126,99.9735403457933,114.91733643022536,99.9735403457933
