left_mid_x,left_mid_y,left_inner_x,left_inner_y,left_outer_x,left_outer_y,right_mid_x,right_mid_y,right_inner_x,right_inner_y,right_outer_x,right_outer_y
99.99308991221156,99.9976840768169,95.07238027489252,99.9976840768169,104.978131445943,99.9976840768169,110.02774927308324,99.98013801091452,104.88826477028842,99.98013801091452,115.12733703412596,99.98013801091452
