left_mid_x,left_mid_y,left_inner_x,left_inner_y,left_outer_x,left_outer_y,right_mid_x,right_mid_y,right_inner_x,right_inner_y,right_outer_x,right_outer_y
100.01568017556538,100.03011327633828,94.8840576511256,100.03011327633828,105.0890912809672,100.03011327633828,110.01793542334984,100.00249680795082,104.93488971155293,100.00249680795082,114.9452987219081,100.00249680795082
