left_mid_x,left_mid_y,left_inner_x,left_inner_y,left_outer_x,left_outer_y,right_mid_x,right_mid_y,right_inner_x,right_inner_y,right_outer_x,right_outer_y
100.00221369211782,99.98968852665556,94.8998434103366,99.98968852665556,104.97263516569308,99.98968852665556,109.98890101193643,100.00556427772985,105.0011975952094,100.00556427772985,115.0554525806076,100.00556427772985
