left_mid_x,left_mid_y,left_inner_x,left_inner_y,left_outer_x,left_outer_y,right_mid_x,right_mid_y,right_inner_x,right_inner_y,right_outer_x,right_outer_y
99.97043678760394,99.9885523653606,94.9396223239648,99.9885523653606,104.9804431922118,99.9885523653606,109.95547501473668,100.04262003174657,105.01284886961368,100.04262003174657,114.95221375404866,100.04262003174657
