left_mid_x,left_mid_y,left_inner_x,left_inner_y,left_outer_x,left_outer_y,right_mid_x,right_mid_y,right_inner_x,right_inner_y,right_outer_x,right_outer_y
100.05824496579984,100.01475414701616,95.07362262776743,100.01475414701616,105.03706406479908,100.01475414701616,110.00442053208268,100.02553677524328,105.07284223853507,100.02553677524328,115.04396480380734,100.02553677524328
