left_mid_x,left_mid_y,left_inner_x,left_inner_y,left_outer_x,left_outer_y,right_mid_x,right_mid_y,right_inner_x,right_inner_y,right_outer_x,right_outer_y
99.99545939986145,100.01979285389952,95.07015756901936,100.01979285389952,104.98707836475918,100.01979285389952,109.99827640714936,99.99661498579415,105.08169509899588,99.99661498579415,115.03296273048451,99.99661498579415
