left_mid_x,left_mid_y,left_inner_x,left_inner_y,left_outer_x,left_outer_y,right_mid_x,right_mid_y,right_inner_x,right_inner_y,right_outer_x,right_outer_y
100.02607197208444,100.031477053372,94.95544545998374,100.031477053372,104.9878538041268,100.031477053372,109.9972125025633,99.96540220114969,105.00467367915697,99.96540220114969,115.05908811273106,99.96540220114969
