left_mid_x,left_mid_y,left_inner_x,left_inner_y,left_outer_x,left_outer_y,right_mid_x,right_mid_y,right_inner_x,right_inner_y,right_outer_x,right_outer_y
100.01258017032958,100.02276778234004,95.21221464413604,100.02276778234004,104.90687084239012,100.02276778234004,110.00695054149104,100.008114315037,104.87690996661192,100.008114315037,115.14861856526286,100.008114315037
