left_mid_x,left_mid_y,left_inner_x,left_inner_y,left_outer_x,left_outer_y,right_mid_x,right_mid_y,right_inner_x,right_inner_y,right_outer_x,right_outer_y
99.99055072376812,99.97529295805006,94.94424136135125,99.97529295805006,104.87694628677208,99.97529295805006,110.02833013792306,99.9920039010621,104.85989710902932,99.9920039010621,115.03775133643175,99.9920039010621
