left_mid_x,left_mid_y,left_inner_x,left_inner_y,left_outer_x,left_outer_y,right_mid_x,right_mid_y,right_inner_x,right_inner_y,right_outer_x,right_outer_y
99.98432557119143,100.01336071388126,94.98510596517671,100.01336071388126,105.13229297211376,100.01336071388126,109.96966828321992,100.01807503101556,104.93776392163224,100.01807503101556,114.92470415979348,100.01807503101556
