left_mid_x,left_mid_y,left_inner_x,left_inner_y,left_outer_x,left_outer_y,right_mid_x,right_mid_y,right_inner_x,right_inner_y,right_outer_x,right_outer_y
100.02906321097552,100.0725565000149,94.90350638492374,100.0725565000149,104.8873966177176,100.0725565000149,110.06585439835833,100.01721796134672,105.08262815541462,100.01721796134672,115.01832933076868,100.01721796134672
