left_mid_x,left_mid_y,left_inner_x,left_inner_y,left_outer_x,left_outer_y,right_mid_x,right_mid_y,right_inner_x,right_inner_y,right_outer_x,right_outer_y
99.98921761521872,99.98377264262017,95.10501343855674,99.98377264262017,105.05871624654982,99.98377264262017,110.02536404721108,100.0117086211308,104.91327286825832,100.0117086211308,115.0703756308883,100.0117086211308
