left_mid_x,left_mid_y,left_inner_x,left_inner_y,left_outer_x,left_outer_y,right_mid_x,right_mid_y,right_inner_x,right_inner_y,right_outer_x,right_outer_y
100.0532137745982,99.97665851247956,95.0438130292694,99.97665851247956,104.78328224148584,99.97665851247956,110.0165007835273,100.0375364140266,104.8898449498067,100.0375364140266,115.06522061982716,100.0375364140266
