left_mid_x,left_mid_y,left_inner_x,left_inner_y,left_outer_x,left_outer_y,right_mid_x,right_mid_y,right_inner_x,right_inner_y,right_outer_x,right_outer_y
99.99809218358402,100.00898135227456,94.96350080556265,100.00898135227456,104.98475337989272,100.00898135227456,110.0024735383695,99.95177240672736,104.94654247831308,99.95177240672736,115.02835866104174,99.95177240672736
