left_mid_x,left_mid_y,left_inner_x,left_inner_y,left_outer_x,left_outer_y,right_mid_x,right_mid_y,right_inner_x,right_inner_y,right_outer_x,right_outer_y
100.0059216873973,99.98682774517276,95.06850097480454,99.98682774517276,105.17017689138804,99.98682774517276,109.99956246201296,99.98930613041792,104.78688610727512,99.98930613041792,115.04708160543645,99.98930613041792
