left_mid_x,left_mid_y,left_inner_x,left_inner_y,left_outer_x,left_outer_y,right_mid_x,right_mid_y,right_inner_x,right_inner_y,right_outer_x,right_outer_y
99.9826569246482,100.00278065395985,95.0920193952858,100.00278065395985,104.78518265863036,100.00278065395985,110.00943486801492,99.9851991659347,105.09198325110614,99.9851991659347,115.26891502053142,99.9851991659347
