left_mid_x,left_mid_y,left_inner_x,left_inner_y,left_outer_x,left_outer_y,right_mid_x,right_mid_y,right_inner_x,right_inner_y,right_outer_x,right_outer_y
100.0073098704187,99.99538521346524,95.09184207842134,99.99538521346524,105.07398235359432,99.99538521346524,110.0321236501592,100.03242193453596,104.88530952204096,100.03242193453596,115.11856633371606,100.03242193453596
