left_mid_x,left_mid_y,left_inner_x,left_inner_y,left_outer_x,left_outer_y,right_mid_x,right_mid_y,right_inner_x,right_inner_y,right_outer_x,right_outer_y
99.9719176124824,99.9949089180829,94.98895992973486,99.9949089180829,104.75556711189844,99.9949089180829,109.97677798596231,100.02849674748042,105.1061217319725,100.02849674748042,114.88098379233644,100.02849674748042
