left_mid_x,left_mid_y,left_inner_x,left_inner_y,left_outer_x,left_outer_y,right_mid_x,right_mid_y,right_inner_x,right_inner_y,right_outer_x,right_outer_y
100.0130933320644,100.03030498612004,94.96648401973592,100.03030498612004,104.97320795620158,100.03030498612004,109.97495406583286,100.01264364360728,104.97850862163207,100.01264364360728,115.13797137484772,100.01264364360728
