left_mid_x,left_mid_y,left_inner_x,left_inner_y,left_outer_x,left_outer_y,right_mid_x,right_mid_y,right_inner_x,right_inner_y,right_outer_x,right_outer_y
100.01075581629053,99.99133388699607,95.10323182629912,99.99133388699607,104.98398448213788,99.99133388699607,109.98612963003497,99.97522862452264,104.91932984696724,99.97522862452264,115.33862362115576,99.97522862452264
