left_mid_x,left_mid_y,left_inner_x,left_inner_y,left_outer_x,left_outer_y,right_mid_x,right_mid_y,right_inner_x,right_inner_y,right_outer_x,right_outer_y
100.03898359829402,100.0189776107925,94.95249393094576,100.0189776107925,104.90298369380052,100.0189776107925,110.0284252845454,99.9596441548931,105.0300406584816,99.9596441548931,115.10409467346672,99.9596441548931
