left_mid_x,left_mid_y,left_inner_x,left_inner_y,left_outer_x,left_outer_y,right_mid_x,right_mid_y,right_inner_x,right_inner_y,right_outer_x,right_outer_y
100.00675149776676,100.06508011969646,95.07336359007331,100.06508011969646,104.9708849280473,100.06508011969646,110.02426528612216,99.99934549789896,104.9243999304327,99.99934549789896,114.91823124082956,99.99934549789896
