left_mid_x,left_mid_y,left_inner_x,left_inner_y,left_outer_x,left_outer_y,right_mid_x,right_mid_y,right_inner_x,right_inner_y,right_outer_x,right_outer_y
99.96043635869827,99.99529217551488,94.93857406123765,99.99529217551488,104.88314763602256,99.99529217551488,110.01911458592572,99.96421217994106,104.86587081229018,99.96421217994106,114.85391273621109,99.96421217994106
