left_mid_x,left_mid_y,left_inner_x,left_inner_y,left_outer_x,left_outer_y,right_mid_x,right_mid_y,right_inner_x,right_inner_y,right_outer_x,right_outer_y
100.02007291675602,99.99906174863057,95.15081043722132,99.99906174863057,105.03067804034364,99.99906174863057,110.00779530667992,100.01260123361384,105.1633608844422,100.01260123361384,115.049842192435,100.01260123361384
