left_mid_x,left_mid_y,left_inner_x,left_inner_y,left_outer_x,left_outer_y,right_mid_x,right_mid_y,right_inner_x,right_inner_y,right_outer_x,right_outer_y
99.99638228338614,99.99150536239164,94.93802204979032,99.99150536239164,104.88350906837056,99.99150536239164,110.01037295609984,100.00759572411386,105.12858438300724,100.00759572411386,114.86493140079098,100.00759572411386
