left_mid_x,left_mid_y,left_inner_x,left_inner_y,left_outer_x,left_outer_y,right_mid_x,right_mid_y,right_inner_x,right_inner_y,right_outer_x,right_outer_y
100.00095890227482,100.02537560286775,94.99302869467888,100.02537560286775,105.09754637013437,100.02537560286775,109.99995407112884,99.98720878786833,104.93813126143752,99.98720878786833,115.02437275933669,99.98720878786833
