left_mid_x,left_mid_y,left_inner_x,left_inner_y,left_outer_x,left_outer_y,right_mid_x,right_mid_y,right_inner_x,right_inner_y,right_outer_x,right_outer_y
99.9979241467524,100.00592174081072,95.07165056412026,100.00592174081072,104.89318096611896,100.00592174081072,110.05491782961882,100.00088203751883,105.19521860466968,100.00088203751883,115.26339067623212,100.00088203751883
