left_mid_x,left_mid_y,left_inner_x,left_inner_y,left_outer_x,left_outer_y,right_mid_x,right_mid_y,right_inner_x,right_inner_y,right_outer_x,right_outer_y
99.99628838533634,99.96943000603784,94.9370223241566,99.96943000603784,105.13911306272428,99.96943000603784,110.03438838539287,100.0132504988279,105.17804300342848,100.0132504988279,115.0001417069388,100.0132504988279
