left_mid_x,left_mid_y,left_inner_x,left_inner_y,left_outer_x,left_outer_y,right_mid_x,right_mid_y,right_inner_x,right_inner_y,right_outer_x,right_outer_y
99.96054877674322,99.97063389678644,95.23122901538602,99.97063389678644,105.18026095282208,99.97063389678644,109.9918978878544,100.0220177341432,105.0117877818294,100.0220177341432,115.14142246526956,100.0220177341432
