left_mid_x,left_mid_y,left_inner_x,left_inner_y,left_outer_x,left_outer_y,right_mid_x,right_mid_y,right_inner_x,right_inner_y,right_outer_x,right_outer_y
100.00203637544318,99.97888069005448,94.99870892810566,99.97888069005448,105.02169413802748,99.97888069005448,109.99639469320668,99.95875764203744,105.06032173859896,99.95875764203744,114.8933744319038,99.95875764203744
