left_mid_x,left_mid_y,left_inner_x,left_inner_y,left_outer_x,left_outer_y,right_mid_x,right_mid_y,right_inner_x,right_inner_y,right_outer_x,right_outer_y
100.0067031926721,100.03222394740963,94.92661833022632,100.03222394740963,104.90905224942983,100.03222394740963,110.01293305495778,100.02411226123954,105.24879402016704,100.02411226123954,115.03517555821443,100.02411226123954
