left_mid_x,left_mid_y,left_inner_x,left_inner_y,left_outer_x,left_outer_y,right_mid_x,right_mid_y,right_inner_x,right_inner_y,right_outer_x,right_outer_y
100.0090335054302,99.96543799830896,94.9741892224916,99.96543799830896,105.0138358987437,99.96543799830896,110.03284623330522,99.9603729541776,105.10341785145104,99.9603729541776,115.11555832467774,99.9603729541776
