left_mid_x,left_mid_y,left_inner_x,left_inner_y,left_outer_x,left_outer_y,right_mid_x,right_mid_y,right_inner_x,right_inner_y,right_outer_x,right_outer_y
100.05140439451046,99.97202091787253,95.10429995734587,99.97202091787253,105.08910979543884,99.97202091787253,109.9713100957034,100.05381519305205,105.118376694612,100.05381519305205,115.08144543413036,100.05381519305205
