left_mid_x,left_mid_y,left_inner_x,left_inner_y,left_outer_x,left_outer_y,right_mid_x,right_mid_y,right_inner_x,right_inner_y,right_outer_x,right_outer_y
99.996952478075,100.0007372215216,94.95880949682974,100.0007372215216,105.0914028946338,100.0007372215216,109.98396323398744,99.9758507795057,104.9816875152396,99.9758507795057,114.99208695019172,99.9758507795057
