left_mid_x,left_mid_y,left_inner_x,left_inner_y,left_outer_x,left_outer_y,right_mid_x,right_mid_y,right_inner_x,right_inner_y,right_outer_x,right_outer_y
100.01404167606896,100.04605297342454,95.18717952128516,100.04605297342454,105.11461289571984,100.04605297342454,109.97735761582992,100.03403752032531,105.02608177076034,100.03403752032531,114.92616956133382,100.03403752032531
