left_mid_x,left_mid_y,left_inner_x,left_inner_y,left_outer_x,left_outer_y,right_mid_x,right_mid_y,right_inner_x,right_inner_y,right_outer_x,right_outer_y
99.96869515128589,100.02101213288572,94.82472113302036,100.02101213288572,105.20570005351142,100.02101213288572,109.97265936122682,99.97121553509366,105.09889564721148,99.97121553509366,115.03447720957008,99.97121553509366
