left_mid_x,left_mid_y,left_inner_x,left_inner_y,left_outer_x,left_outer_y,right_mid_x,right_mid_y,right_inner_x,right_inner_y,right_outer_x,right_outer_y
100.00517675499034,100.00380645202368,95.01120711224377,100.00380645202368,105.04961285756156,100.00380645202368,109.97326157853838,99.98180454713564,105.05307726626084,99.98180454713564,114.85093974509088,99.98180454713564
