left_mid_x,left_mid_y,left_inner_x,left_inner_y,left_outer_x,left_outer_y,right_mid_x,right_mid_y,right_inner_x,right_inner_y,right_outer_x,right_outer_y
99.95764389547708,99.98159348647322,94.89028494324783,99.98159348647322,104.80476598934024,99.98159348647322,109.99976997856992,99.99018056530336,105.107324976181,99.99018056530336,115.19264686508464,99.99018056530336
