left_mid_x,left_mid_y,left_inner_x,left_inner_y,left_outer_x,left_outer_y,right_mid_x,right_mid_y,right_inner_x,right_inner_y,right_outer_x,right_outer_y
100.00856828353932,100.01750052432212,94.75554082229928,100.01750052432212,105.09259998405896,100.01750052432212,109.9658953651436,100.01465598681165,105.0985078512308,100.01465598681165,114.97935146457158,100.01465598681165
