left_mid_x,left_mid_y,left_inner_x,left_inner_y,left_outer_x,left_outer_y,right_mid_x,right_mid_y,right_inner_x,right_inner_y,right_outer_x,right_outer_y
100.0007140222558,100.02077181891212,94.92017934915876,100.02077181891212,104.94575447194651,100.02077181891212,110.0109378306291,100.00147723701508,105.0810179865256,100.00147723701508,114.95979162149024,100.00147723701508
