left_mid_x,left_mid_y,left_inner_x,left_inner_y,left_outer_x,left_outer_y,right_mid_x,right_mid_y,right_inner_x,right_inner_y,right_outer_x,right_outer_y
100.0225134449366,99.9983123848448,95.1013707268382,99.9983123848448,105.09774320507312,99.9983123848448,110.00535110986692,100.05243618400944,105.18520729751222,100.05243618400944,114.96564635478036,100.05243618400944
