left_mid_x,left_mid_y,left_inner_x,left_inner_y,left_outer_x,left_outer_y,right_mid_x,right_mid_y,right_inner_x,right_inner_y,right_outer_x,right_outer_y
99.97507823707925,100.00512375540184,95.16524479146408,100.00512375540184,105.04353559175802,100.00512375540184,109.96867384231584,99.98829312858892,104.93900697716056,99.98829312858892,114.94809224420916,99.98829312858892
