left_mid_x,left_mid_y,left_inner_x,left_inner_y,left_outer_x,left_outer_y,right_mid_x,right_mid_y,right_inner_x,right_inner_y,right_outer_x,right_outer_y
100.00564279375877,100.0050801226346,95.0580442762329,100.0050801226346,104.9434937952204,100.0050801226346,109.96022887807088,100.02697075499626,104.65833491273894,100.02697075499626,114.79626315002749,100.02697075499626
