left_mid_x,left_mid_y,left_inner_x,left_inner_y,left_outer_x,left_outer_y,right_mid_x,right_mid_y,right_inner_x,right_inner_y,right_outer_x,right_outer_y
100.01664162756626,99.97777783105704,95.01342294808626,99.97777783105704,104.93235006219912,99.97777783105704,110.02286448906068,100.0370551069261,105.17144910477164,100.0370551069261,115.00052382285595,100.0370551069261
