left_mid_x,left_mid_y,left_inner_x,left_inner_y,left_outer_x,left_outer_y,right_mid_x,right_mid_y,right_inner_x,right_inner_y,right_outer_x,right_outer_y
100.02257102521727,100.02070716637569,95.0638813366998,100.02070716637569,105.22716510302064,100.02070716637569,109.97932732006876,99.99597675489788,104.93345555467288,99.99597675489788,115.08377908499888,99.99597675489788
