left_mid_x,left_mid_y,left_inner_x,left_inner_y,left_outer_x,left_outer_y,right_mid_x,right_mid_y,right_inner_x,right_inner_y,right_outer_x,right_outer_y
99.95712159696888,100.02436141978654,95.00118296597996,100.02436141978654,104.882865347846,100.02436141978654,109.98969450394732,100.00090541515108,105.1238151029456,100.00090541515108,114.9428034081911,100.00090541515108
