left_mid_x,left_mid_y,left_inner_x,left_inner_y,left_outer_x,left_outer_y,right_mid_x,right_mid_y,right_inner_x,right_inner_y,right_outer_x,right_outer_y
99.97519472351894,99.95891501098208,94.85639778743658,99.95891501098208,105.0233892228622,99.95891501098208,110.04040375369378,99.99350823462515,104.9033827477712,99.99350823462515,115.06881345445449,99.99350823462515
