left_mid_x,left_mid_y,left_inner_x,left_inner_y,left_outer_x,left_outer_y,right_mid_x,right_mid_y,right_inner_x,right_inner_y,right_outer_x,right_outer_y
99.99187472420024,100.05096263122326,95.02413554044384,100.05096263122326,105.0297573823049,100.05096263122326,109.984269024437,100.00208544219036,105.00364605145184,100.00208544219036,114.96734373449794,100.00208544219036
