left_mid_x,left_mid_y,left_inner_x,left_inner_y,left_outer_x,left_outer_y,right_mid_x,right_mid_y,right_inner_x,right_inner_y,right_outer_x,right_outer_y
99.97982882968007,100.0165147763738,94.91232616600524,100.0165147763738,105.13040774500132,100.0165147763738,110.00857715441305,100.01146720083588,105.04595956666174,100.01146720083588,115.05798911589936,100.01146720083588
