left_mid_x,left_mid_y,left_inner_x,left_inner_y,left_outer_x,left_outer_y,right_mid_x,right_mid_y,right_inner_x,right_inner_y,right_outer_x,right_outer_y
99.97137510554867,99.98708361131116,94.9251219674084,99.98708361131116,104.9626044564004,99.98708361131116,110.03418945530196,99.9627022065964,104.98652282779348,99.9627022065964,115.00468312952432,99.9627022065964
