left_mid_x,left_mid_y,left_inner_x,left_inner_y,left_outer_x,left_outer_y,right_mid_x,right_mid_y,right_inner_x,right_inner_y,right_outer_x,right_outer_y
100.04333952563974,99.99282385561683,95.13509898149871,99.99282385561683,105.19767250197204,99.99282385561683,109.97366841367769,99.94104187840904,105.12528111051586,99.94104187840904,114.85759026741243,99.94104187840904
