left_mid_x,left_mid_y,left_inner_x,left_inner_y,left_outer_x,left_outer_y,right_mid_x,right_mid_y,right_inner_x,right_inner_y,right_outer_x,right_outer_y
99.9897446280417,99.99440861654708,95.00797859922172,99.99440861654708,104.90512342318908,99.99440861654708,110.03161329723696,99.98654782504414,105.04249927310516,99.98654782504414,115.0432469057533,99.98654782504414
