left_mid_x,left_mid_y,left_inner_x,left_inner_y,left_outer_x,left_outer_y,right_mid_x,right_mid_y,right_inner_x,right_inner_y,right_outer_x,right_outer_y
99.96941085614908,100.02092177514562,95.06673399409652,100.02092177514562,104.99047552203366,100.02092177514562,109.97985613661068,99.97974583668164,104.98808613626504,99.97974583668164,115.07937779136614,99.97974583668164
