left_mid_x,left_mid_y,left_inner_x,left_inner_y,left_outer_x,left_outer_y,right_mid_x,right_mid_y,right_inner_x,right_inner_y,right_outer_x,right_outer_y
100.00293506553484,100.0233681639178,95.09028178114104,100.0233681639178,105.02490721344417,100.0233681639178,110.0290202977985,100.03385033270884,105.0952271488688,100.03385033270884,115.05092045706024,100.03385033270884
