left_mid_x,left_mid_y,left_inner_x,left_inner_y,left_outer_x,left_outer_y,right_mid_x,right_mid_y,right_inner_x,right_inner_y,right_outer_x,right_outer_y
100.03190699142134,100.03058734617817,95.3157370494714,100.03058734617817,105.09004208318972,100.03058734617817,109.9903334843126,100.01849568512344,104.92562058113992,100.01849568512344,114.87792187061838,100.01849568512344
