left_mid_x,left_mid_y,left_inner_x,left_inner_y,left_outer_x,left_outer_y,right_mid_x,right_mid_y,right_inner_x,right_inner_y,right_outer_x,right_outer_y
99.9676984101108,99.98014139583069,94.81580750192704,99.98014139583069,104.88421873188696,99.98014139583069,110.01189717264036,100.0220189494642,105.03836234189468,100.0220189494642,115.18146241979032,100.0220189494642
