left_mid_x,left_mid_y,left_inner_x,left_inner_y,left_outer_x,left_outer_y,right_mid_x,right_mid_y,right_inner_x,right_inner_y,right_outer_x,right_outer_y
99.978716079434,100.02057259884972,94.88237889530669,100.02057259884972,104.9788735940843,100.02057259884972,109.9996243856616,100.0397219302294,105.14034702057212,100.0397219302294,115.1865330742138,100.0397219302294
