left_mid_x,left_mid_y,left_inner_x,left_inner_y,left_outer_x,left_outer_y,right_mid_x,right_mid_y,right_inner_x,right_inner_y,right_outer_x,right_outer_y
99.9566093943936,99.99555377328215,95.00471076727352,99.99555377328215,105.01174096984454,99.99555377328215,110.00148946335308,100.0196483564821,105.07800250122966,100.0196483564821,115.1140389796466,100.0196483564821
