left_mid_x,left_mid_y,left_inner_x,left_inner_y,left_outer_x,left_outer_y,right_mid_x,right_mid_y,right_inner_x,right_inner_y,right_outer_x,right_outer_y
99.99154495383976,100.01135150888186,94.98062922274724,100.01135150888186,104.92021582871187,100.01135150888186,110.06063362054763,99.9780496149382,105.12220949638312,99.9780496149382,115.13675506598408,99.9780496149382
