left_mid_x,left_mid_y,left_inner_x,left_inner_y,left_outer_x,left_outer_y,right_mid_x,right_mid_y,right_inner_x,right_inner_y,right_outer_x,right_outer_y
99.99664333454734,100.01233220308684,94.8955978261112,100.01233220308684,104.91629994445309,100.01233220308684,109.99019883338818,99.99665110803586,104.98986315427548,99.99665110803586,115.2072077764654,99.99665110803586
