left_mid_x,left_mid_y,left_inner_x,left_inner_y,left_outer_x,left_outer_y,right_mid_x,right_mid_y,right_inner_x,right_inner_y,right_outer_x,right_outer_y
100.02133193220124,100.04352183606916,95.12309042699744,100.04352183606916,105.07329774966746,100.04352183606916,109.95721824687683,99.999795650931,104.7408862757286,99.999795650931,114.9352784996738,99.999795650931
