left_mid_x,left_mid_y,left_inner_x,left_inner_y,left_outer_x,left_outer_y,right_mid_x,right_mid_y,right_inner_x,right_inner_y,right_outer_x,right_outer_y
99.99517184684017,100.03579022015975,94.95954749289622,100.03579022015975,104.93366051776204,100.03579022015975,109.99850865830165,99.97826286951714,104.96576885491592,99.97826286951714,114.9878439668453,99.97826286951714
