left_mid_x,left_mid_y,left_inner_x,left_inner_y,left_outer_x,left_outer_y,right_mid_x,right_mid_y,right_inner_x,right_inner_y,right_outer_x,right_outer_y
100.01893004210062,99.99604415412574,95.03529161474911,99.99604415412574,104.84042431519455,99.99604415412574,110.00105095495708,99.97850240646312,105.07214502402871,99.97850240646312,115.1016486721635,99.97850240646312
