left_mid_x,left_mid_y,left_inner_x,left_inner_y,left_outer_x,left_outer_y,right_mid_x,right_mid_y,right_inner_x,right_inner_y,right_outer_x,right_outer_y
100.0124706113465,100.02396359082394,95.0538049195282,100.02396359082394,105.0686085537956,100.02396359082394,109.99462831663936,99.9878447446802,104.97688963025011,99.9878447446802,114.9627487017926,99.9878447446802
