left_mid_x,left_mid_y,left_inner_x,left_inner_y,left_outer_x,left_outer_y,right_mid_x,right_mid_y,right_inner_x,right_inner_y,right_outer_x,right_outer_y
99.93944295043198,99.96567921136844,94.82884678301912,99.96567921136844,105.043848463191,99.96567921136844,110.02084379454706,100.02769969771948,104.9424397826134,100.02769969771948,115.0127218626642,100.02769969771948
