left_mid_x,left_mid_y,left_inner_x,left_inner_y,left_outer_x,left_outer_y,right_mid_x,right_mid_y,right_inner_x,right_inner_y,right_outer_x,right_outer_y
99.9914990613774,99.98600679600531,94.93795344950534,99.98600679600531,105.0964619568713,99.98600679600531,110.00000325284448,99.99662296128106,105.02213876096226,99.99662296128106,115.02216832161476,99.99662296128106
