left_mid_x,left_mid_y,left_inner_x,left_inner_y,left_outer_x,left_outer_y,right_mid_x,right_mid_y,right_inner_x,right_inner_y,right_outer_x,right_outer_y
100.010539833917,100.0362753657634,94.91589510012568,100.0362753657634,105.04468432352016,100.0362753657634,110.01401931639607,100.04486103374428,105.0976961611441,100.04486103374428,115.0117739619566,100.04486103374428
