left_mid_x,left_mid_y,left_inner_x,left_inner_y,left_outer_x,left_outer_y,right_mid_x,right_mid_y,right_inner_x,right_inner_y,right_outer_x,right_outer_y
100.00685254206402,100.0177820184825,94.92887805617168,100.0177820184825,105.08670181705187,100.0177820184825,109.97835361650854,100.00294072834046,104.89926216486674,100.00294072834046,114.98896627658624,100.00294072834046
