left_mid_x,left_mid_y,left_inner_x,left_inner_y,left_outer_x,left_outer_y,right_mid_x,right_mid_y,right_inner_x,right_inner_y,right_outer_x,right_outer_y
100.0149419286516,99.98829881327492,94.92237526158604,99.98829881327492,104.91481385303332,99.98829881327492,109.9979236588167,100.00882941684056,105.01214198554372,100.00882941684056,115.08187866241396,100.00882941684056
