left_mid_x,left_mid_y,left_inner_x,left_inner_y,left_outer_x,left_outer_y,right_mid_x,right_mid_y,right_inner_x,right_inner_y,right_outer_x,right_outer_y
99.96509274753843,99.95768210362888,94.98512072065388,99.95768210362888,105.03700345150098,99.95768210362888,110.0342831670718,99.99377924750031,104.87811404864014,99.99377924750031,115.0252097312358,99.99377924750031
