left_mid_x,left_mid_y,left_inner_x,left_inner_y,left_outer_x,left_outer_y,right_mid_x,right_mid_y,right_inner_x,right_inner_y,right_outer_x,right_outer_y
100.03584591010042,100.01497917451422,94.95855080269436,100.01497917451422,105.07726923189668,100.01497917451422,109.95417406311032,99.9806938782186,104.95309770754,99.9806938782186,115.09199923042792,99.9806938782186
