left_mid_x,left_mid_y,left_inner_x,left_inner_y,left_outer_x,left_outer_y,right_mid_x,right_mid_y,right_inner_x,right_inner_y,right_outer_x,right_outer_y
99.93998844939728,99.98745959415078,94.9062081693472,99.98745959415078,104.87259615781508,99.98745959415078,110.02789261961928,99.9873585764207,104.99693308385362,99.9873585764207,114.93517658369448,99.9873585764207
