left_mid_x,left_mid_y,left_inner_x,left_inner_y,left_outer_x,left_outer_y,right_mid_x,right_mid_y,right_inner_x,right_inner_y,right_outer_x,right_outer_y
99.99472579130976,100.01843331822076,94.94928245014536,100.01843331822076,105.06518250791984,100.01843331822076,110.0031511046866,99.98441773375905,105.08697344593534,99.98441773375905,114.85574900515404,99.98441773375905
