left_mid_x,left_mid_y,left_inner_x,left_inner_y,left_outer_x,left_outer_y,right_mid_x,right_mid_y,right_inner_x,right_inner_y,right_outer_x,right_outer_y
99.9814260620484,100.0028885875564,95.01689545883232,100.0028885875564,105.00412653294306,100.0028885875564,109.97394585796488,99.97492473263728,104.9304740887545,99.97492473263728,115.08301162182752,99.97492473263728
