left_mid_x,left_mid_y,left_inner_x,left_inner_y,left_outer_x,left_outer_y,right_mid_x,right_mid_y,right_inner_x,right_inner_y,right_outer_x,right_outer_y
100.03010994042135,99.99874852820602,94.87511682574409,99.99874852820602,105.02895288540338,99.99874852820602,110.00689632007906,99.97065405200122,105.04247160675814,99.97065405200122,115.06506519646604,99.97065405200122
