left_mid_x,left_mid_y,left_inner_x,left_inner_y,left_outer_x,left_outer_y,right_mid_x,right_mid_y,right_inner_x,right_inner_y,right_outer_x,right_outer_y
99.97946759983776,100.01160761568258,94.91754771104448,100.01160761568258,104.94868614380644,100.01160761568258,109.96721920680368,99.99929951600733,104.96303738238664,99.99929951600733,114.99948836985487,99.99929951600733
