left_mid_x,left_mid_y,left_inner_x,left_inner_y,left_outer_x,left_outer_y,right_mid_x,right_mid_y,right_inner_x,right_inner_y,right_outer_x,right_outer_y
99.97278652304269,100.022464175761,95.15364777971132,100.022464175761,105.0128794885289,100.022464175761,109.9883578304633,100.00019070448788,105.04836342763228,100.00019070448788,114.99421135886082,100.00019070448788
