left_mid_x,left_mid_y,left_inner_x,left_inner_y,left_outer_x,left_outer_y,right_mid_x,right_mid_y,right_inner_x,right_inner_y,right_outer_x,right_outer_y
99.98439178805164,99.99590004726969,95.04708749673294,99.99590004726969,105.0801307001974,99.99590004726969,109.97712482882294,100.00148599401577,105.01470058098371,100.00148599401577,114.89520938032788,100.00148599401577
