left_mid_x,left_mid_y,left_inner_x,left_inner_y,left_outer_x,left_outer_y,right_mid_x,right_mid_y,right_inner_x,right_inner_y,right_outer_x,right_outer_y
100.02049258101344,100.01764678098831,95.04888341238797,100.01764678098831,105.00292673828152,100.01764678098831,109.9946994040094,99.9403709508496,104.91215882118392,99.9403709508496,114.90042822329336,99.9403709508496
