left_mid_x,left_mid_y,left_inner_x,left_inner_y,left_outer_x,left_outer_y,right_mid_x,right_mid_y,right_inner_x,right_inner_y,right_outer_x,right_outer_y
99.97902938654552,99.9989158680433,95.042114421918,99.9989158680433,104.9367034339792,99.9989158680433,109.97743353909074,99.97495232950968,105.02423061421872,99.97495232950968,115.08336219422328,99.97495232950968
