left_mid_x,left_mid_y,left_inner_x,left_inner_y,left_outer_x,left_outer_y,right_mid_x,right_mid_y,right_inner_x,right_inner_y,right_outer_x,right_outer_y
100.00045047418016,100.02621674041076,95.14113961857495,100.02621674041076,104.96450416987136,100.02621674041076,109.99875042480204,99.96540948388191,105.0679328753074,99.96540948388191,115.00375441764982,99.96540948388191
