left_mid_x,left_mid_y,left_inner_x,left_inner_y,left_outer_x,left_outer_y,right_mid_x,right_mid_y,right_inner_x,right_inner_y,right_outer_x,right_outer_y
100.0077427669154,100.02699812583072,94.90696747577086,100.02699812583072,105.01725429039804,100.02699812583072,109.95962217889692,100.00162625649386,104.939261890048,100.00162625649386,115.20508252937664,100.00162625649386
