left_mid_x,left_mid_y,left_inner_x,left_inner_y,left_outer_x,left_outer_y,right_mid_x,right_mid_y,right_inner_x,right_inner_y,right_outer_x,right_outer_y
100.01538674548593,99.98958970914464,95.00809775567171,99.98958970914464,105.19798300036264,99.98958970914464,110.02317151087406,99.96050306019674,104.8931679597913,99.96050306019674,115.01037103093324,99.96050306019674
