left_mid_x,left_mid_y,left_inner_x,left_inner_y,left_outer_x,left_outer_y,right_mid_x,right_mid_y,right_inner_x,right_inner_y,right_outer_x,right_outer_y
100.0313861650308,100.05259736874528,95.12460629845604,100.05259736874528,105.19138122909372,100.05259736874528,109.98487897297836,100.03428154030652,104.99493053634836,100.03428154030652,115.12056750598884,100.03428154030652
