left_mid_x,left_mid_y,left_inner_x,left_inner_y,left_outer_x,left_outer_y,right_mid_x,right_mid_y,right_inner_x,right_inner_y,right_outer_x,right_outer_y
99.9831478535196,100.02345648124398,94.97451673914723,100.02345648124398,104.98469122525164,100.02345648124398,110.0443327521474,99.9897828238185,105.1016934262142,99.9897828238185,115.05291866192186,99.9897828238185
