left_mid_x,left_mid_y,left_inner_x,left_inner_y,left_outer_x,left_outer_y,right_mid_x,right_mid_y,right_inner_x,right_inner_y,right_outer_x,right_outer_y
99.98033799581282,100.0245820289591,94.96301235109648,100.0245820289591,105.08852884310544,100.0245820289591,109.96724675372896,99.94423158636052,104.91681491101852,99.94423158636052,114.87491430198456,99.94423158636052
