left_mid_x,left_mid_y,left_inner_x,left_inner_y,left_outer_x,left_outer_y,right_mid_x,right_mid_y,right_inner_x,right_inner_y,right_outer_x,right_outer_y
99.97916310113436,99.98962108193972,95.07885209905989,99.98962108193972,104.95248382135524,99.98962108193972,109.99170911672915,99.9783776448827,104.81647977371432,99.9783776448827,114.89317516283596,99.9783776448827
