left_mid_x,left_mid_y,left_inner_x,left_inner_y,left_outer_x,left_outer_y,right_mid_x,right_mid_y,right_inner_x,right_inner_y,right_outer_x,right_outer_y
99.97517407071332,99.98538543907966,95.05012745072116,99.98538543907966,105.01348919908756,99.98538543907966,110.00543576875532,99.983030702538,105.09425837956007,99.983030702538,115.0409578508086,99.983030702538
