left_mid_x,left_mid_y,left_inner_x,left_inner_y,left_outer_x,left_outer_y,right_mid_x,right_mid_y,right_inner_x,right_inner_y,right_outer_x,right_outer_y
99.95817867331776,100.014788053842,94.98171839111788,100.014788053842,104.9026884759892,100.014788053842,110.00901019735514,100.009442961845,105.30311836577404,100.009442961845,115.01253906335178,100.009442961845
