left_mid_x,left_mid_y,left_inner_x,left_inner_y,left_outer_x,left_outer_y,right_mid_x,right_mid_y,right_inner_x,right_inner_y,right_outer_x,right_outer_y
100.0058418193526,99.99253776753642,95.09689221372214,99.99253776753642,104.98479920096273,99.99253776753642,109.98556643329104,99.99561657148443,104.99697244654132,99.99561657148443,114.96797235497706,99.99561657148443
