left_mid_x,left_mid_y,left_inner_x,left_inner_y,left_outer_x,left_outer_y,right_mid_x,right_mid_y,right_inner_x,right_inner_y,right_outer_x,right_outer_y
100.05006172254666,99.97785550201507,95.06119470969924,99.97785550201507,105.0235190534978,99.97785550201507,110.00780321060029,100.03260855341904,105.1545214259486,100.03260855341904,115.06579920327631,100.03260855341904
