left_mid_x,left_mid_y,left_inner_x,left_inner_y,left_outer_x,left_outer_y,right_mid_x,right_mid_y,right_inner_x,right_inner_y,right_outer_x,right_outer_y
99.97309610620216,99.97981844721484,94.99360372634403,99.97981844721484,104.99177066796408,99.97981844721484,109.98568004996127,99.9591532099192,105.0873742084903,99.9591532099192,115.07764824619628,99.9591532099192
