left_mid_x,left_mid_y,left_inner_x,left_inner_y,left_outer_x,left_outer_y,right_mid_x,right_mid_y,right_inner_x,right_inner_y,right_outer_x,right_outer_y
99.98602330665848,99.9876013774622,95.074715853467,99.9876013774622,104.99461035527165,99.9876013774622,109.97974255070493,99.99690194472244,105.01291703712197,99.99690194472244,115.00662075681596,99.99690194472244
