left_mid_x,left_mid_y,left_inner_x,left_inner_y,left_outer_x,left_outer_y,right_mid_x,right_mid_y,right_inner_x,right_inner_y,right_outer_x,right_outer_y
99.99765261020644,99.99749630118242,94.94715434107005,99.99749630118242,104.9351538192017,99.99749630118242,110.01777811540896,99.98439020112652,104.8835119216168,99.98439020112652,114.98641240480818,99.98439020112652
