left_mid_x,left_mid_y,left_inner_x,left_inner_y,left_outer_x,left_outer_y,right_mid_x,right_mid_y,right_inner_x,right_inner_y,right_outer_x,right_outer_y
100.0238070469397,100.01282890150016,95.09730284964266,100.01282890150016,105.18472677254616,100.01282890150016,109.97066940777444,100.05775566074796,104.9875057277295,100.05775566074796,115.19705607865602,100.05775566074796
