left_mid_x,left_mid_y,left_inner_x,left_inner_y,left_outer_x,left_outer_y,right_mid_x,right_mid_y,right_inner_x,right_inner_y,right_outer_x,right_outer_y
100.03181362379048,99.99948738876208,94.9266513110135,99.99948738876208,104.989122716042,99.99948738876208,109.9912604085648,99.99067230998664,105.00504384494856,99.99067230998664,115.09643111846027,99.99067230998664
