left_mid_x,left_mid_y,left_inner_x,left_inner_y,left_outer_x,left_outer_y,right_mid_x,right_mid_y,right_inner_x,right_inner_y,right_outer_x,right_outer_y
99.98989653115456,100.00729059824678,95.03539345910146,100.00729059824678,104.82383316666407,100.00729059824678,109.99573571164822,99.99892828356624,104.87119898892443,99.99892828356624,114.9813203757379,99.99892828356624
