left_mid_x,left_mid_y,left_inner_x,left_inner_y,left_outer_x,left_outer_y,right_mid_x,right_mid_y,right_inner_x,right_inner_y,right_outer_x,right_outer_y
99.97162529966172,100.01454419798158,94.91744285066456,100.01454419798158,104.95877977974877,100.01454419798158,110.0230822842269,99.98368236998412,104.95878350543384,99.98368236998412,115.14305506199337,99.98368236998412
