left_mid_x,left_mid_y,left_inner_x,left_inner_y,left_outer_x,left_outer_y,right_mid_x,right_mid_y,right_inner_x,right_inner_y,right_outer_x,right_outer_y
100.0063537007547,99.9728845277376,95.0160653084936,99.9728845277376,105.02332692834388,99.9728845277376,109.99826965515852,99.9901570372493,105.0307766347031,99.9901570372493,114.83171295458357,99.9901570372493
