left_mid_x,left_mid_y,left_inner_x,left_inner_y,left_outer_x,left_outer_y,right_mid_x,right_mid_y,right_inner_x,right_inner_y,right_outer_x,right_outer_y
100.02305852535204,99.99664147553386,95.01302218251928,99.99664147553386,105.09966475824396,99.99664147553386,109.96893203161234,100.00887694995272,104.7447869627896,100.00887694995272,114.8374521044402,100.00887694995272
