left_mid_x,left_mid_y,left_inner_x,left_inner_y,left_outer_x,left_outer_y,right_mid_x,right_mid_y,right_inner_x,right_inner_y,right_outer_x,right_outer_y
99.9992232057278,100.0007644679598,94.92970987137224,100.0007644679598,104.97459826674996,100.0007644679598,110.01290954567698,100.01055605246334,105.0208649907564,100.01055605246334,115.13204610876112,100.01055605246334
