left_mid_x,left_mid_y,left_inner_x,left_inner_y,left_outer_x,left_outer_y,right_mid_x,right_mid_y,right_inner_x,right_inner_y,right_outer_x,right_outer_y
99.95730197706813,100.07451031499647,94.91901385221917,100.07451031499647,105.02666924969272,100.07451031499647,109.98515160367316,100.00354825346,104.8582499674555,100.00354825346,114.94748768907802,100.00354825346
