left_mid_x,left_mid_y,left_inner_x,left_inner_y,left_outer_x,left_outer_y,right_mid_x,right_mid_y,right_inner_x,right_inner_y,right_outer_x,right_outer_y
99.96873210610026,100.01163504125454,94.93132542868626,100.01163504125454,104.86907516601347,100.01163504125454,110.00946658853672,100.06562074281912,104.91617165271154,100.06562074281912,115.17872463020736,100.06562074281912
