left_mid_x,left_mid_y,left_inner_x,left_inner_y,left_outer_x,left_outer_y,right_mid_x,right_mid_y,right_inner_x,right_inner_y,right_outer_x,right_outer_y
100.01019212818323,100.02226721470568,95.02485095282972,100.02226721470568,105.01817259130762,100.02226721470568,110.01234163794994,100.0082294174329,105.01158277965416,100.0082294174329,114.9513195721994,100.0082294174329
