left_mid_x,left_mid_y,left_inner_x,left_inner_y,left_outer_x,left_outer_y,right_mid_x,right_mid_y,right_inner_x,right_inner_y,right_outer_x,right_outer_y
99.9975259986241,100.00268534622076,94.961125801926,100.00268534622076,104.97416920460154,100.00268534622076,110.01602492070889,100.00915601260051,105.1458375991875,100.00915601260051,114.98767599691006,100.00915601260051
