left_mid_x,left_mid_y,left_inner_x,left_inner_y,left_outer_x,left_outer_y,right_mid_x,right_mid_y,right_inner_x,right_inner_y,right_outer_x,right_outer_y
99.96203936030004,99.97270168141664,94.89269827779006,99.97270168141664,104.90565865131992,99.97270168141664,109.99245235171064,100.04917681731172,105.06529011593156,100.04917681731172,114.91112983182872,100.04917681731172
