left_mid_x,left_mid_y,left_inner_x,left_inner_y,left_outer_x,left_outer_y,right_mid_x,right_mid_y,right_inner_x,right_inner_y,right_outer_x,right_outer_y
99.986654858841,100.00207284579216,94.9045603262466,100.00207284579216,104.92748167974256,100.00207284579216,109.97466437020424,100.02842333460234,104.97755674220905,100.02842333460234,115.08549923212504,100.02842333460234
