left_mid_x,left_mid_y,left_inner_x,left_inner_y,left_outer_x,left_outer_y,right_mid_x,right_mid_y,right_inner_x,right_inner_y,right_outer_x,right_outer_y
99.98730421446928,99.9476834500427,94.8480336155746,99.9476834500427,105.15034406148096,99.9476834500427,109.99458412139916,100.0132234753691,105.12180841021724,100.0132234753691,114.89699116825784,100.0132234753691
