left_mid_x,left_mid_y,left_inner_x,left_inner_y,left_outer_x,left_outer_y,right_mid_x,right_mid_y,right_inner_x,right_inner_y,right_outer_x,right_outer_y
100.02167506270308,100.02511691603873,94.9863954463144,100.02511691603873,105.02444234691404,100.02511691603873,110.0046028517468,99.98694247287096,105.10580015779544,99.98694247287096,115.15711249471543,99.98694247287096
