left_mid_x,left_mid_y,left_inner_x,left_inner_y,left_outer_x,left_outer_y,right_mid_x,right_mid_y,right_inner_x,right_inner_y,right_outer_x,right_outer_y
99.97741201813062,99.97805473115342,94.87706592913626,99.97805473115342,104.94458466001912,99.97805473115342,110.02122631546828,99.98753632564215,104.87632746317917,99.98753632564215,115.19235569581038,99.98753632564215
