left_mid_x,left_mid_y,left_inner_x,left_inner_y,left_outer_x,left_outer_y,right_mid_x,right_mid_y,right_inner_x,right_inner_y,right_outer_x,right_outer_y
100.00338404197662,99.99458759958456,94.91147905883984,99.99458759958456,104.97472641668476,99.99458759958456,110.0620963387119,99.98859152904126,104.9943414790158,99.98859152904126,115.0282287423684,99.98859152904126
