left_mid_x,left_mid_y,left_inner_x,left_inner_y,left_outer_x,left_outer_y,right_mid_x,right_mid_y,right_inner_x,right_inner_y,right_outer_x,right_outer_y
99.9761442866276,99.96708494257338,95.10042633630836,99.96708494257338,104.83975483941003,99.96708494257338,109.95731180698222,100.00663269035842,104.8612961902608,100.00663269035842,115.06810185965448,100.00663269035842
