left_mid_x,left_mid_y,left_inner_x,left_inner_y,left_outer_x,left_outer_y,right_mid_x,right_mid_y,right_inner_x,right_inner_y,right_outer_x,right_outer_y
100.0155252928355,100.02873962719556,94.88445704131418,100.02873962719556,105.14520839134224,100.02873962719556,109.97225702414624,99.96638471362316,105.20213302520332,99.96638471362316,114.99888887463302,99.96638471362316
