left_mid_x,left_mid_y,left_inner_x,left_inner_y,left_outer_x,left_outer_y,right_mid_x,right_mid_y,right_inner_x,right_inner_y,right_outer_x,right_outer_y
100.00487288275554,100.00993009982945,94.95089767110802,100.00993009982945,104.89870645914937,100.00993009982945,109.98999418999092,99.95963892155312,104.95672713317788,99.95963892155312,114.90377295083417,99.95963892155312
