left_mid_x,left_mid_y,left_inner_x,left_inner_y,left_outer_x,left_outer_y,right_mid_x,right_mid_y,right_inner_x,right_inner_y,right_outer_x,right_outer_y
100.00793919112706,100.00655486735282,94.98069089070935,100.00655486735282,104.81384590156571,100.00655486735282,110.03736941315825,100.01406422651236,105.21671155236427,100.01406422651236,114.96389130296552,100.01406422651236
