left_mid_x,left_mid_y,left_inner_x,left_inner_y,left_outer_x,left_outer_y,right_mid_x,right_mid_y,right_inner_x,right_inner_y,right_outer_x,right_outer_y
100.01904032850162,99.99833903547528,94.67267021381554,99.99833903547528,104.95868137680274,99.99833903547528,109.97362820595664,100.01891433510202,104.91629120316937,100.01891433510202,115.03615234561067,100.01891433510202
