left_mid_x,left_mid_y,left_inner_x,left_inner_y,left_outer_x,left_outer_y,right_mid_x,right_mid_y,right_inner_x,right_inner_y,right_outer_x,right_outer_y
99.98272903011735,100.0028525697283,95.129812162302,100.0028525697283,104.91694349960376,100.0028525697283,109.9729514945996,99.98386344834088,105.12394128413852,99.98386344834088,115.0628050641251,99.98386344834088
