left_mid_x,left_mid_y,left_inner_x,left_inner_y,left_outer_x,left_outer_y,right_mid_x,right_mid_y,right_inner_x,right_inner_y,right_outer_x,right_outer_y
100.00463671511967,100.03981922299504,94.83635413626617,100.03981922299504,105.10666097803303,100.03981922299504,109.98400629078684,100.00310457330208,104.8468191009864,100.00310457330208,115.01771335768512,100.00310457330208
