left_mid_x,left_mid_y,left_inner_x,left_inner_y,left_outer_x,left_outer_y,right_mid_x,right_mid_y,right_inner_x,right_inner_y,right_outer_x,right_outer_y
99.98681263476756,100.01803359728316,94.78091249630376,100.01803359728316,104.9198177411023,100.01803359728316,110.0601439491458,100.0477010996588,105.00588861349443,100.0477010996588,115.16171584538472,100.0477010996588
