left_mid_x,left_mid_y,left_inner_x,left_inner_y,left_outer_x,left_outer_y,right_mid_x,right_mid_y,right_inner_x,right_inner_y,right_outer_x,right_outer_y
99.97349643455073,99.8664728126175,95.07048884966258,99.8664728126175,104.95390309216604,99.8664728126175,109.8148730437547,100.26443698662575,104.8728181299843,100.26443698662575,114.8171194193526,100.26443698662575
