left_mid_x,left_mid_y,left_inner_x,left_inner_y,left_outer_x,left_outer_y,right_mid_x,right_mid_y,right_inner_x,right_inner_y,right_outer_x,right_outer_y
100.12579028530584,99.94829532019678,94.96465034540462,99.94829532019678,104.97836463590052,99.94829532019678,109.82067661868868,99.92525223617356,104.7447106207694,99.92525223617356,114.7454282521837,99.92525223617356
