left_mid_x,left_mid_y,left_inner_x,left_inner_y,left_outer_x,left_outer_y,right_mid_x,right_mid_y,right_inner_x,right_inner_y,right_outer_x,right_outer_y
99.99362947448678,99.9231379224328,94.93771417008644,99.9231379224328,105.07934864451607,99.9231379224328,109.96217513437034,99.9945687273258,104.94421034466392,99.9945687273258,115.06389385737214,99.9945687273258
