left_mid_x,left_mid_y,left_inner_x,left_inner_y,left_outer_x,left_outer_y,right_mid_x,right_mid_y,right_inner_x,right_inner_y,right_outer_x,right_outer_y
100.03764360573436,100.17542174924002,95.1199458466854,100.17542174924002,105.11016418563057,100.17542174924002,110.16940758932898,100.13923119790029,105.3873021449046,100.13923119790029,115.39837482657988,100.13923119790029
