left_mid_x,left_mid_y,left_inner_x,left_inner_y,left_outer_x,left_outer_y,right_mid_x,right_mid_y,right_inner_x,right_inner_y,right_outer_x,right_outer_y
99.8631488806191,100.0826735005282,94.71113279999636,100.0826735005282,104.82524415387388,100.0826735005282,110.03481174182504,100.10628538890349,104.99420824173988,100.10628538890349,114.98829003174014,100.10628538890349
