left_mid_x,left_mid_y,left_inner_x,left_inner_y,left_outer_x,left_outer_y,right_mid_x,right_mid_y,right_inner_x,right_inner_y,right_outer_x,right_outer_y
100.07758382701174,99.90681590549188,95.09032584059608,99.90681590549188,105.13550323197543,99.90681590549188,109.83365928177116,100.0003654096301,104.66926724277852,100.0003654096301,114.94494323424452,100.0003654096301
