left_mid_x,left_mid_y,left_inner_x,left_inner_y,left_outer_x,left_outer_y,right_mid_x,right_mid_y,right_inner_x,right_inner_y,right_outer_x,right_outer_y
100.02011863868772,100.06175370669511,94.96157165549772,100.06175370669511,104.89901407014302,100.06175370669511,109.85175253995504,99.86693040826626,104.95661543734084,99.86693040826626,114.83161785105084,99.86693040826626
