left_mid_x,left_mid_y,left_inner_x,left_inner_y,left_outer_x,left_outer_y,right_mid_x,right_mid_y,right_inner_x,right_inner_y,right_outer_x,right_outer_y
100.06658686389912,100.16111477201343,95.18497153173888,100.16111477201343,105.17185594875318,100.16111477201343,109.60621293747188,100.12509197564218,104.4846659500007,100.12509197564218,114.41136325954297,100.12509197564218
