left_mid_x,left_mid_y,left_inner_x,left_inner_y,left_outer_x,left_outer_y,right_mid_x,right_mid_y,right_inner_x,right_inner_y,right_outer_x,right_outer_y
99.78331237651123,100.09260399917298,94.71122359401498,100.09260399917298,104.5987657924712,100.09260399917298,109.86202231617284,100.12280376524303,104.98115634450272,100.12280376524303,114.86144434337456,100.12280376524303
