left_mid_x,left_mid_y,left_inner_x,left_inner_y,left_outer_x,left_outer_y,right_mid_x,right_mid_y,right_inner_x,right_inner_y,right_outer_x,right_outer_y
100.07674506400608,99.80432691958856,95.12981685260422,99.80432691958856,105.1406754170167,99.80432691958856,109.92337708661196,100.00918067784932,104.9264522933048,100.00918067784932,114.94476607649788,100.00918067784932
