left_mid_x,left_mid_y,left_inner_x,left_inner_y,left_outer_x,left_outer_y,right_mid_x,right_mid_y,right_inner_x,right_inner_y,right_outer_x,right_outer_y
100.05870260068116,99.79063328821842,94.91682128751852,99.79063328821842,104.74923004171993,99.79063328821842,109.98760301058635,99.87068986639365,104.92939766944788,99.87068986639365,114.85156788793454,99.87068986639365
