left_mid_x,left_mid_y,left_inner_x,left_inner_y,left_outer_x,left_outer_y,right_mid_x,right_mid_y,right_inner_x,right_inner_y,right_outer_x,right_outer_y
99.97993896955025,100.03469574420816,95.0218392049306,100.03469574420816,104.9774352684482,100.03469574420816,110.00463208053192,100.25213098217702,105.0358234817374,100.25213098217702,114.97021000800994,100.25213098217702
