left_mid_x,left_mid_y,left_inner_x,left_inner_y,left_outer_x,left_outer_y,right_mid_x,right_mid_y,right_inner_x,right_inner_y,right_outer_x,right_outer_y
99.83731935895808,99.99892492016482,94.64603964788743,99.99892492016482,104.633848269869,99.99892492016482,110.0884288859163,100.07276143394336,104.91136851486526,100.07276143394336,115.22011535549552,100.07276143394336
