left_mid_x,left_mid_y,left_inner_x,left_inner_y,left_outer_x,left_outer_y,right_mid_x,right_mid_y,right_inner_x,right_inner_y,right_outer_x,right_outer_y
99.92987805522311,99.9967204209765,94.8223333450306,99.9967204209765,104.87455731378203,99.9967204209765,110.26772973481688,99.93004214613087,105.37798489273024,99.93004214613087,115.3819026793492,99.93004214613087
