left_mid_x,left_mid_y,left_inner_x,left_inner_y,left_outer_x,left_outer_y,right_mid_x,right_mid_y,right_inner_x,right_inner_y,right_outer_x,right_outer_y
99.79133184837258,99.8046066508301,94.850190594997,99.8046066508301,104.84867970156424,99.8046066508301,109.89108249073676,99.8467504430765,104.8945077030244,99.8467504430765,115.03618707775266,99.8467504430765
