left_mid_x,left_mid_y,left_inner_x,left_inner_y,left_outer_x,left_outer_y,right_mid_x,right_mid_y,right_inner_x,right_inner_y,right_outer_x,right_outer_y
100.06396844414446,99.98882385845796,95.1137539710518,99.98882385845796,105.16245016728102,99.98882385845796,110.113854638587,100.00362219469314,105.141768414597,100.00362219469314,115.17038574628086,100.00362219469314
