left_mid_x,left_mid_y,left_inner_x,left_inner_y,left_outer_x,left_outer_y,right_mid_x,right_mid_y,right_inner_x,right_inner_y,right_outer_x,right_outer_y
100.05797888129574,99.85617390618836,94.81031847692338,99.85617390618836,105.26172551473294,99.85617390618836,109.95869775649916,99.97052480479692,104.92376019157668,99.97052480479692,115.015721950742,99.97052480479692
