left_mid_x,left_mid_y,left_inner_x,left_inner_y,left_outer_x,left_outer_y,right_mid_x,right_mid_y,right_inner_x,right_inner_y,right_outer_x,right_outer_y
100.1342094999837,100.10255932905424,95.16960964241328,100.10255932905424,105.25090584033556,100.10255932905424,110.14030551638768,99.77142823716962,104.95155465927756,99.77142823716962,115.24389098446234,99.77142823716962
