left_mid_x,left_mid_y,left_inner_x,left_inner_y,left_outer_x,left_outer_y,right_mid_x,right_mid_y,right_inner_x,right_inner_y,right_outer_x,right_outer_y
100.2361566431003,99.84329044999016,95.32296141162838,99.84329044999016,105.22999950151616,99.84329044999016,110.09702434836268,99.99651563434128,105.1217378226484,99.99651563434128,115.00258362850572,99.99651563434128
