left_mid_x,left_mid_y,left_inner_x,left_inner_y,left_outer_x,left_outer_y,right_mid_x,right_mid_y,right_inner_x,right_inner_y,right_outer_x,right_outer_y
100.0274707169037,100.07654265322336,94.96799076342565,100.07654265322336,104.91567718941124,100.07654265322336,110.2303424407768,100.0020333196445,105.24116731719148,100.0020333196445,115.1758345039785,100.0020333196445
