left_mid_x,left_mid_y,left_inner_x,left_inner_y,left_outer_x,left_outer_y,right_mid_x,right_mid_y,right_inner_x,right_inner_y,right_outer_x,right_outer_y
100.23370346140231,100.13067908010764,95.21464750633731,100.13067908010764,105.27164595740496,100.13067908010764,109.92818490718255,100.108989414606,104.88676243858949,100.108989414606,114.9253212364233,100.108989414606
