left_mid_x,left_mid_y,left_inner_x,left_inner_y,left_outer_x,left_outer_y,right_mid_x,right_mid_y,right_inner_x,right_inner_y,right_outer_x,right_outer_y
100.08086515394592,100.01420714910408,95.23543144339396,100.01420714910408,105.20613445821893,100.01420714910408,110.0770069883982,100.0593828579828,105.20704017627584,100.0593828579828,114.98067543496316,100.0593828579828
