left_mid_x,left_mid_y,left_inner_x,left_inner_y,left_outer_x,left_outer_y,right_mid_x,right_mid_y,right_inner_x,right_inner_y,right_outer_x,right_outer_y
100.1726532492511,99.97307412912866,95.10356003128778,99.97307412912866,105.09296277335356,99.97307412912866,110.0986515604922,100.12618447522668,105.18231155640429,100.12618447522668,115.14864381315408,100.12618447522668
