left_mid_x,left_mid_y,left_inner_x,left_inner_y,left_outer_x,left_outer_y,right_mid_x,right_mid_y,right_inner_x,right_inner_y,right_outer_x,right_outer_y
99.88402005583748,99.91475067013704,94.88672290125888,99.91475067013704,104.99981066234103,99.91475067013704,110.08104669975994,100.28585105834472,104.898219922512,100.28585105834472,115.16291485325524,100.28585105834472
