left_mid_x,left_mid_y,left_inner_x,left_inner_y,left_outer_x,left_outer_y,right_mid_x,right_mid_y,right_inner_x,right_inner_y,right_outer_x,right_outer_y
100.16605358474408,99.95877327308364,95.15446866388028,99.95877327308364,105.11322182725158,99.95877327308364,110.17179387131456,99.9269256189896,105.01195390792016,99.9269256189896,115.10857018582344,99.9269256189896
