left_mid_x,left_mid_y,left_inner_x,left_inner_y,left_outer_x,left_outer_y,right_mid_x,right_mid_y,right_inner_x,right_inner_y,right_outer_x,right_outer_y
99.87430283483992,99.98138119731924,94.77238207019413,99.98138119731924,104.97191960449337,99.98138119731924,109.71405231777372,100.25019474775812,104.7557815180198,100.25019474775812,114.49935536303148,100.25019474775812
