left_mid_x,left_mid_y,left_inner_x,left_inner_y,left_outer_x,left_outer_y,right_mid_x,right_mid_y,right_inner_x,right_inner_y,right_outer_x,right_outer_y
100.12636052440412,99.86277068641112,95.02439702916342,99.86277068641112,105.22279222626756,99.86277068641112,109.918479324266,99.9881032720857,104.65141816238072,99.9881032720857,115.0536102795581,99.9881032720857
