left_mid_x,left_mid_y,left_inner_x,left_inner_y,left_outer_x,left_outer_y,right_mid_x,right_mid_y,right_inner_x,right_inner_y,right_outer_x,right_outer_y
100.21275774405854,100.0163318602736,95.3286058838804,100.0163318602736,105.30701859245318,100.0163318602736,110.17546871299494,100.00830936550231,105.25545938675307,100.00830936550231,115.25023141720648,100.00830936550231
