left_mid_x,left_mid_y,left_inner_x,left_inner_y,left_outer_x,left_outer_y,right_mid_x,right_mid_y,right_inner_x,right_inner_y,right_outer_x,right_outer_y
100.04181434595849,99.82913453165057,94.92094575749366,99.82913453165057,104.95980531714486,99.82913453165057,110.01018557352972,99.98747117336906,105.1896190192578,99.98747117336906,115.02064063014024,99.98747117336906
