left_mid_x,left_mid_y,left_inner_x,left_inner_y,left_outer_x,left_outer_y,right_mid_x,right_mid_y,right_inner_x,right_inner_y,right_outer_x,right_outer_y
100.1631407637005,100.27046406113702,95.18834310162754,100.27046406113702,105.02581418066583,100.27046406113702,109.87067489884365,100.00159410413664,105.11443605641064,100.00159410413664,114.96661777553444,100.00159410413664
