left_mid_x,left_mid_y,left_inner_x,left_inner_y,left_outer_x,left_outer_y,right_mid_x,right_mid_y,right_inner_x,right_inner_y,right_outer_x,right_outer_y
99.79709934412946,100.08572902283063,94.8253889732343,100.08572902283063,104.84503694173678,100.08572902283063,109.9065091609733,99.90962010125048,105.02148937779953,99.90962010125048,114.76984180597393,99.90962010125048
