left_mid_x,left_mid_y,left_inner_x,left_inner_y,left_outer_x,left_outer_y,right_mid_x,right_mid_y,right_inner_x,right_inner_y,right_outer_x,right_outer_y
100.27980059209496,99.82608312564814,95.03992741650612,99.82608312564814,105.28657266157254,99.82608312564814,110.11245720652484,100.2191090575741,105.27670948953693,100.2191090575741,115.18286067952413,100.2191090575741
