left_mid_x,left_mid_y,left_inner_x,left_inner_y,left_outer_x,left_outer_y,right_mid_x,right_mid_y,right_inner_x,right_inner_y,right_outer_x,right_outer_y
100.34120889886188,100.01537656607694,95.39528711164807,100.01537656607694,105.37249243867736,100.01537656607694,109.96118964846195,100.16904214235952,105.03024568831952,100.16904214235952,114.69230801897626,100.16904214235952
