left_mid_x,left_mid_y,left_inner_x,left_inner_y,left_outer_x,left_outer_y,right_mid_x,right_mid_y,right_inner_x,right_inner_y,right_outer_x,right_outer_y
100.0962284523128,100.14634895319676,95.1805431909702,100.14634895319676,105.0022308511797,100.14634895319676,109.99207221615907,100.11453500030134,105.1815077157899,100.11453500030134,114.93617019693671,100.11453500030134
