left_mid_x,left_mid_y,left_inner_x,left_inner_y,left_outer_x,left_outer_y,right_mid_x,right_mid_y,right_inner_x,right_inner_y,right_outer_x,right_outer_y
99.84283013771618,100.0036114260415,94.76596936911749,100.0036114260415,104.80946221574834,100.0036114260415,109.85629218119972,99.87340584947908,104.87058156974666,99.87340584947908,114.92277805630869,99.87340584947908
