left_mid_x,left_mid_y,left_inner_x,left_inner_y,left_outer_x,left_outer_y,right_mid_x,right_mid_y,right_inner_x,right_inner_y,right_outer_x,right_outer_y
100.24128182074064,100.06042495952744,95.2064777680948,100.06042495952744,105.43297734649336,100.06042495952744,109.99592345456225,99.96160156261725,104.93474904102968,99.96160156261725,115.18482970381255,99.96160156261725
