left_mid_x,left_mid_y,left_inner_x,left_inner_y,left_outer_x,left_outer_y,right_mid_x,right_mid_y,right_inner_x,right_inner_y,right_outer_x,right_outer_y
99.59712432087876,99.8142164114133,94.52853906445525,99.8142164114133,104.60899604468328,99.8142164114133,110.0824993399356,100.03894027554291,105.25920649242036,100.03894027554291,115.08198645811068,100.03894027554291
