left_mid_x,left_mid_y,left_inner_x,left_inner_y,left_outer_x,left_outer_y,right_mid_x,right_mid_y,right_inner_x,right_inner_y,right_outer_x,right_outer_y
100.15552424811185,100.07149365029788,95.14759645079758,100.07149365029788,104.95093802942388,100.07149365029788,109.99762449781424,99.9404545266176,104.90917212782016,99.9404545266176,115.00890740605348,99.9404545266176
