left_mid_x,left_mid_y,left_inner_x,left_inner_y,left_outer_x,left_outer_y,right_mid_x,right_mid_y,right_inner_x,right_inner_y,right_outer_x,right_outer_y
99.84844356259022,100.10098289994768,94.91208501314962,100.10098289994768,104.8144260142234,100.10098289994768,110.0021996947946,99.95780133046168,105.05038563000792,99.95780133046168,115.06411110047635,99.95780133046168
