left_mid_x,left_mid_y,left_inner_x,left_inner_y,left_outer_x,left_outer_y,right_mid_x,right_mid_y,right_inner_x,right_inner_y,right_outer_x,right_outer_y
100.21687157961836,99.9218253882369,95.1161470912556,99.9218253882369,105.29695643414232,99.9218253882369,109.857640002514,100.07992749440272,104.88625566816152,100.07992749440272,114.90779076232096,100.07992749440272
