left_mid_x,left_mid_y,left_inner_x,left_inner_y,left_outer_x,left_outer_y,right_mid_x,right_mid_y,right_inner_x,right_inner_y,right_outer_x,right_outer_y
99.96525637383787,100.0418629447376,94.92896727103424,100.0418629447376,104.8949115728756,100.0418629447376,109.98549595817164,99.88453970895144,105.16786967301232,99.88453970895144,115.09232763142154,99.88453970895144
