left_mid_x,left_mid_y,left_inner_x,left_inner_y,left_outer_x,left_outer_y,right_mid_x,right_mid_y,right_inner_x,right_inner_y,right_outer_x,right_outer_y
100.26981690250656,99.83261037859026,95.22800821410952,99.83261037859026,105.3186307312126,99.83261037859026,109.9261834459097,100.08034568498164,105.03948540208788,100.08034568498164,114.85276761230794,100.08034568498164
