left_mid_x,left_mid_y,left_inner_x,left_inner_y,left_outer_x,left_outer_y,right_mid_x,right_mid_y,right_inner_x,right_inner_y,right_outer_x,right_outer_y
100.16856367629865,100.21365762387828,95.1242423848937,100.21365762387828,105.25194270001724,100.21365762387828,110.27560070790707,100.03436016097704,105.43283966691467,100.03436016097704,115.34184584113878,100.03436016097704
