left_mid_x,left_mid_y,left_inner_x,left_inner_y,left_outer_x,left_outer_y,right_mid_x,right_mid_y,right_inner_x,right_inner_y,right_outer_x,right_outer_y
100.047605849799,99.9398167958948,95.1390498857458,99.9398167958948,105.18169575924004,99.9398167958948,109.6957744409978,100.08981953750036,104.60647000791492,100.08981953750036,114.76759120333747,100.08981953750036
