left_mid_x,left_mid_y,left_inner_x,left_inner_y,left_outer_x,left_outer_y,right_mid_x,right_mid_y,right_inner_x,right_inner_y,right_outer_x,right_outer_y
99.8840069792062,99.943550060922,94.87492485866558,99.943550060922,104.93498053741531,99.943550060922,109.92667265034945,100.15516773951232,105.02115951053108,100.15516773951232,114.89216487409963,100.15516773951232
