left_mid_x,left_mid_y,left_inner_x,left_inner_y,left_outer_x,left_outer_y,right_mid_x,right_mid_y,right_inner_x,right_inner_y,right_outer_x,right_outer_y
100.17120549476364,100.21704594217336,95.19687824232464,100.21704594217336,105.18926371108728,100.21704594217336,109.91996687780323,99.95344602792257,104.82283484671626,99.95344602792257,115.0105191017352,99.95344602792257
