left_mid_x,left_mid_y,left_inner_x,left_inner_y,left_outer_x,left_outer_y,right_mid_x,right_mid_y,right_inner_x,right_inner_y,right_outer_x,right_outer_y
99.94469055014348,99.93325124028614,94.87286851053643,99.93325124028614,104.84136643597814,99.93325124028614,110.0301536273837,100.01501141242662,105.09173073342926,100.01501141242662,114.89128539851802,100.01501141242662
