left_mid_x,left_mid_y,left_inner_x,left_inner_y,left_outer_x,left_outer_y,right_mid_x,right_mid_y,right_inner_x,right_inner_y,right_outer_x,right_outer_y
99.83258506667876,99.93460010085887,94.98531535542284,99.93460010085887,104.8570502171206,99.93460010085887,109.90838993817496,99.91592780026822,104.9152929074437,99.91592780026822,114.96454208454188,99.91592780026822
