left_mid_x,left_mid_y,left_inner_x,left_inner_y,left_outer_x,left_outer_y,right_mid_x,right_mid_y,right_inner_x,right_inner_y,right_outer_x,right_outer_y
99.96865377760103,99.94317577627972,95.05402736587908,99.94317577627972,104.92342877294276,99.94317577627972,109.7745315837766,99.9807919914334,104.72094489215138,99.9807919914334,114.74125755301272,99.9807919914334
