left_mid_x,left_mid_y,left_inner_x,left_inner_y,left_outer_x,left_outer_y,right_mid_x,right_mid_y,right_inner_x,right_inner_y,right_outer_x,right_outer_y
100.12956869980584,99.84391542691358,94.96476113059222,99.84391542691358,105.234608440428,99.84391542691358,109.85637877335326,100.06206065979887,104.89221772097858,100.06206065979887,114.99819763726742,100.06206065979887
