left_mid_x,left_mid_y,left_inner_x,left_inner_y,left_outer_x,left_outer_y,right_mid_x,right_mid_y,right_inner_x,right_inner_y,right_outer_x,right_outer_y
100.01471339177256,100.09328199886929,95.03825002651205,100.09328199886929,105.0814832240192,100.09328199886929,110.25428527421175,99.9038243154743,105.1832931038564,99.9038243154743,115.24783071138782,99.9038243154743
