left_mid_x,left_mid_y,left_inner_x,left_inner_y,left_outer_x,left_outer_y,right_mid_x,right_mid_y,right_inner_x,right_inner_y,right_outer_x,right_outer_y
100.1869603702736,100.28390196926875,95.08301565788268,100.28390196926875,105.12107351888136,100.28390196926875,110.02378410991643,100.07798857195836,104.91451939600152,100.07798857195836,114.94543298622293,100.07798857195836
