left_mid_x,left_mid_y,left_inner_x,left_inner_y,left_outer_x,left_outer_y,right_mid_x,right_mid_y,right_inner_x,right_inner_y,right_outer_x,right_outer_y
99.957189436491,99.87288695736268,95.00991934402924,99.87288695736268,104.90151106453736,99.87288695736268,110.0676163517726,99.93589001877336,104.995879881047,99.93589001877336,115.1553368565076,99.93589001877336
