left_mid_x,left_mid_y,left_inner_x,left_inner_y,left_outer_x,left_outer_y,right_mid_x,right_mid_y,right_inner_x,right_inner_y,right_outer_x,right_outer_y
100.23280699749242,99.93821527836975,95.22526917243694,99.93821527836975,105.21670642935467,99.93821527836975,110.08818041004704,100.11218858584944,105.08175952409194,100.11218858584944,114.96092095782784,100.11218858584944
