left_mid_x,left_mid_y,left_inner_x,left_inner_y,left_outer_x,left_outer_y,right_mid_x,right_mid_y,right_inner_x,right_inner_y,right_outer_x,right_outer_y
100.10363771835954,99.7291800309678,95.04029299463215,99.7291800309678,105.12393707853572,99.7291800309678,110.09199587062682,100.02063860339469,105.17874825066262,100.02063860339469,115.12541911143605,100.02063860339469
