left_mid_x,left_mid_y,left_inner_x,left_inner_y,left_outer_x,left_outer_y,right_mid_x,right_mid_y,right_inner_x,right_inner_y,right_outer_x,right_outer_y
99.90694427754497,100.01018594841558,94.90425357278612,100.01018594841558,104.9846984386613,100.01018594841558,110.08595756104792,99.9436218656402,105.0246448874236,99.9436218656402,115.0774254096112,99.9436218656402
