left_mid_x,left_mid_y,left_inner_x,left_inner_y,left_outer_x,left_outer_y,right_mid_x,right_mid_y,right_inner_x,right_inner_y,right_outer_x,right_outer_y
99.88762227503793,100.35750331262588,94.903706147352,100.35750331262588,104.94037024631533,100.35750331262588,109.92277056428784,100.00996007074347,105.0210819353146,100.00996007074347,115.00318171207294,100.00996007074347
