left_mid_x,left_mid_y,left_inner_x,left_inner_y,left_outer_x,left_outer_y,right_mid_x,right_mid_y,right_inner_x,right_inner_y,right_outer_x,right_outer_y
100.09076785466432,99.99328514145562,95.05845875934178,99.99328514145562,105.15101499429964,99.99328514145562,110.03232939169663,99.83769601184122,104.937746103948,99.83769601184122,115.05800104261026,99.83769601184122
