left_mid_x,left_mid_y,left_inner_x,left_inner_y,left_outer_x,left_outer_y,right_mid_x,right_mid_y,right_inner_x,right_inner_y,right_outer_x,right_outer_y
99.942804187862,100.03847448788969,94.91580241119526,100.03847448788969,105.01844298087084,100.03847448788969,110.05557951712844,99.7281539551037,105.11578723347972,99.7281539551037,115.1397039475502,99.7281539551037
