left_mid_x,left_mid_y,left_inner_x,left_inner_y,left_outer_x,left_outer_y,right_mid_x,right_mid_y,right_inner_x,right_inner_y,right_outer_x,right_outer_y
100.0862466438852,99.8560006234865,94.9582356578937,99.8560006234865,105.13961755413364,99.8560006234865,109.90723402697203,99.97189444235248,105.08395370096272,99.97189444235248,114.94054483455172,99.97189444235248
