left_mid_x,left_mid_y,left_inner_x,left_inner_y,left_outer_x,left_outer_y,right_mid_x,right_mid_y,right_inner_x,right_inner_y,right_outer_x,right_outer_y
100.0652004156936,99.87450548444504,95.08720130094244,99.87450548444504,105.13896400069108,99.87450548444504,109.77394717337378,99.80927905379578,104.73265691135418,99.80927905379578,114.93990782707064,99.80927905379578
