left_mid_x,left_mid_y,left_inner_x,left_inner_y,left_outer_x,left_outer_y,right_mid_x,right_mid_y,right_inner_x,right_inner_y,right_outer_x,right_outer_y
100.01778369013182,100.0956421812008,94.90260629822184,100.0956421812008,105.18730764178385,100.0956421812008,110.06613053728402,100.20919802147428,105.00494727097788,100.20919802147428,115.10675199244334,100.20919802147428
