left_mid_x,left_mid_y,left_inner_x,left_inner_y,left_outer_x,left_outer_y,right_mid_x,right_mid_y,right_inner_x,right_inner_y,right_outer_x,right_outer_y
100.00962214512846,100.00894204707976,95.0348365727254,100.00894204707976,104.92962881152972,100.00894204707976,109.96929200439796,100.1017770842018,105.04273694247657,100.1017770842018,115.09312949207025,100.1017770842018
