left_mid_x,left_mid_y,left_inner_x,left_inner_y,left_outer_x,left_outer_y,right_mid_x,right_mid_y,right_inner_x,right_inner_y,right_outer_x,right_outer_y
100.16700258714768,100.27897425881116,95.1302452070922,100.27897425881116,105.41585721744032,100.27897425881116,110.19736936619071,99.91085512827549,105.25618302686372,99.91085512827549,115.2309520354572,99.91085512827549
