left_mid_x,left_mid_y,left_inner_x,left_inner_y,left_outer_x,left_outer_y,right_mid_x,right_mid_y,right_inner_x,right_inner_y,right_outer_x,right_outer_y
100.13734553876942,100.01545163136524,95.20432330453684,100.01545163136524,105.08848076510058,100.01545163136524,109.97644749352789,100.01760126413582,104.89855217952764,100.01760126413582,114.81187544590249,100.01760126413582
