left_mid_x,left_mid_y,left_inner_x,left_inner_y,left_outer_x,left_outer_y,right_mid_x,right_mid_y,right_inner_x,right_inner_y,right_outer_x,right_outer_y
99.90752088124547,99.94646860474644,94.94269919659727,99.94646860474644,105.0923967855932,99.94646860474644,110.07953166281062,99.95617800761102,105.22169565173527,99.95617800761102,115.00544598085044,99.95617800761102
