left_mid_x,left_mid_y,left_inner_x,left_inner_y,left_outer_x,left_outer_y,right_mid_x,right_mid_y,right_inner_x,right_inner_y,right_outer_x,right_outer_y
99.87317992405347,99.95529214323196,94.8281062869083,99.95529214323196,104.97285968783846,99.95529214323196,110.05497672922948,99.92316351567916,105.00936505656394,99.92316351567916,115.0956380740078,99.92316351567916
