left_mid_x,left_mid_y,left_inner_x,left_inner_y,left_outer_x,left_outer_y,right_mid_x,right_mid_y,right_inner_x,right_inner_y,right_outer_x,right_outer_y
100.07938015540834,100.11873926096706,95.12127533200956,100.11873926096706,105.10785272442398,100.11873926096706,109.69704726301988,99.94435112392762,104.65757823970964,99.94435112392762,114.74409935248268,99.94435112392762
