left_mid_x,left_mid_y,left_inner_x,left_inner_y,left_outer_x,left_outer_y,right_mid_x,right_mid_y,right_inner_x,right_inner_y,right_outer_x,right_outer_y
99.98535447442649,100.00035577138672,94.91752991923704,100.00035577138672,105.11644900332884,100.00035577138672,110.12355068837788,100.05460982307488,105.00676753391238,100.05460982307488,115.02857356988238,100.05460982307488
