left_mid_x,left_mid_y,left_inner_x,left_inner_y,left_outer_x,left_outer_y,right_mid_x,right_mid_y,right_inner_x,right_inner_y,right_outer_x,right_outer_y
100.06817771142052,100.04708087770544,95.26830665987478,100.04708087770544,105.0517476245082,100.04708087770544,109.7902753126084,99.87931878637416,104.66375696419,99.87931878637416,114.67461899460454,99.87931878637416
