left_mid_x,left_mid_y,left_inner_x,left_inner_y,left_outer_x,left_outer_y,right_mid_x,right_mid_y,right_inner_x,right_inner_y,right_outer_x,right_outer_y
99.95160399780384,100.2284348081633,94.99377067992306,100.2284348081633,105.06111677469092,100.2284348081633,109.90516407450804,99.95929980201872,104.93770082603,99.95929980201872,114.85638738215314,99.95929980201872
