left_mid_x,left_mid_y,left_inner_x,left_inner_y,left_outer_x,left_outer_y,right_mid_x,right_mid_y,right_inner_x,right_inner_y,right_outer_x,right_outer_y
99.9906401202158,100.19013657634684,94.9338703465794,100.19013657634684,104.99236155895748,100.19013657634684,110.18497095237343,100.22017806334392,105.20158982494158,100.22017806334392,115.2594932939064,100.22017806334392
