left_mid_x,left_mid_y,left_inner_x,left_inner_y,left_outer_x,left_outer_y,right_mid_x,right_mid_y,right_inner_x,right_inner_y,right_outer_x,right_outer_y
100.00671875851558,100.02948806964672,95.09260338157353,100.02948806964672,105.16218582470565,100.02948806964672,110.07445318398116,99.95618055844756,105.13258098742888,99.95618055844756,114.90148278512706,99.95618055844756
