left_mid_x,left_mid_y,left_inner_x,left_inner_y,left_outer_x,left_outer_y,right_mid_x,right_mid_y,right_inner_x,right_inner_y,right_outer_x,right_outer_y
100.13469925533144,100.1847405587336,95.07445115618384,100.1847405587336,105.041573478019,100.1847405587336,109.94622039005192,99.88163070966716,104.86267052173685,99.88163070966716,115.04793548278208,99.88163070966716
