left_mid_x,left_mid_y,left_inner_x,left_inner_y,left_outer_x,left_outer_y,right_mid_x,right_mid_y,right_inner_x,right_inner_y,right_outer_x,right_outer_y
100.00740559456172,99.95982588189412,95.07145155446064,99.95982588189412,104.91353725601104,99.95982588189412,110.0567630734968,99.73527209432407,104.9925005321802,99.73527209432407,115.3137952256236,99.73527209432407
