left_mid_x,left_mid_y,left_inner_x,left_inner_y,left_outer_x,left_outer_y,right_mid_x,right_mid_y,right_inner_x,right_inner_y,right_outer_x,right_outer_y
99.8968900468634,99.91453820624795,94.78298339007624,99.91453820624795,104.8316388571836,99.91453820624795,110.03224145239436,99.88141704922872,105.0067756407449,99.88141704922872,115.04150581080982,99.88141704922872
