left_mid_x,left_mid_y,left_inner_x,left_inner_y,left_outer_x,left_outer_y,right_mid_x,right_mid_y,right_inner_x,right_inner_y,right_outer_x,right_outer_y
100.05401087147108,100.07748613344314,95.02898396730282,100.07748613344314,104.97691395131856,100.07748613344314,109.98681171099952,100.05225446604472,104.96073595947168,100.05225446604472,114.87580465576492,100.05225446604472
