left_mid_x,left_mid_y,left_inner_x,left_inner_y,left_outer_x,left_outer_y,right_mid_x,right_mid_y,right_inner_x,right_inner_y,right_outer_x,right_outer_y
99.90403042703277,99.95417738143622,94.96366790483516,99.95417738143622,104.81267812598712,99.95417738143622,109.8921581414642,100.07893222146424,104.84905653950102,100.07893222146424,114.83902814444929,100.07893222146424
