left_mid_x,left_mid_y,left_inner_x,left_inner_y,left_outer_x,left_outer_y,right_mid_x,right_mid_y,right_inner_x,right_inner_y,right_outer_x,right_outer_y
99.92676163559445,99.85496787646434,94.94069366931998,99.85496787646434,104.97166811194975,99.85496787646434,110.11552247770804,99.8188378124584,105.15112183784753,99.8188378124584,115.21864489084604,99.8188378124584
