left_mid_x,left_mid_y,left_inner_x,left_inner_y,left_outer_x,left_outer_y,right_mid_x,right_mid_y,right_inner_x,right_inner_y,right_outer_x,right_outer_y
100.03800902287216,100.31387080475542,94.81877200223003,100.31387080475542,105.036710678747,100.31387080475542,110.1068724629331,99.99609337853754,105.20424542016951,99.99609337853754,115.02803987163172,99.99609337853754
