left_mid_x,left_mid_y,left_inner_x,left_inner_y,left_outer_x,left_outer_y,right_mid_x,right_mid_y,right_inner_x,right_inner_y,right_outer_x,right_outer_y
99.99081406052775,100.12863965114175,95.01218907314936,100.12863965114175,105.14132954149127,100.12863965114175,110.24434595465046,100.35487005876207,105.34571090580684,100.35487005876207,115.31311535916306,100.35487005876207
