left_mid_x,left_mid_y,left_inner_x,left_inner_y,left_outer_x,left_outer_y,right_mid_x,right_mid_y,right_inner_x,right_inner_y,right_outer_x,right_outer_y
99.99495796429568,99.78805387609223,94.93150555365062,99.78805387609223,104.90984998766872,99.78805387609223,109.8626016774102,100.0888925234218,105.00770923978816,100.0888925234218,115.00208080448414,100.0888925234218
