left_mid_x,left_mid_y,left_inner_x,left_inner_y,left_outer_x,left_outer_y,right_mid_x,right_mid_y,right_inner_x,right_inner_y,right_outer_x,right_outer_y
99.93146795113326,99.87987548231536,94.89946684744643,99.87987548231536,104.98766195253904,99.87987548231536,109.889896785482,100.1306111136913,104.75241420843436,100.1306111136913,114.95904717105483,100.1306111136913
