left_mid_x,left_mid_y,left_inner_x,left_inner_y,left_outer_x,left_outer_y,right_mid_x,right_mid_y,right_inner_x,right_inner_y,right_outer_x,right_outer_y
100.0606842691046,99.80369258963724,94.94712495440746,99.80369258963724,105.15676349578897,99.80369258963724,110.11057371255038,100.08092668459224,105.01334509388649,100.08092668459224,115.0902267750905,100.08092668459224
