left_mid_x,left_mid_y,left_inner_x,left_inner_y,left_outer_x,left_outer_y,right_mid_x,right_mid_y,right_inner_x,right_inner_y,right_outer_x,right_outer_y
100.02971932533283,99.81966167378565,94.9500233053766,99.81966167378565,105.01101113044096,99.81966167378565,109.97482010743931,100.04076270793897,104.8768435206345,100.04076270793897,115.02861023697946,100.04076270793897
