left_mid_x,left_mid_y,left_inner_x,left_inner_y,left_outer_x,left_outer_y,right_mid_x,right_mid_y,right_inner_x,right_inner_y,right_outer_x,right_outer_y
100.2007773456646,100.29630094755494,95.19702545701776,100.29630094755494,105.38050564557952,100.29630094755494,109.94973931173186,99.9030177579425,104.74450328788132,99.9030177579425,115.05848798528794,99.9030177579425
