left_mid_x,left_mid_y,left_inner_x,left_inner_y,left_outer_x,left_outer_y,right_mid_x,right_mid_y,right_inner_x,right_inner_y,right_outer_x,right_outer_y
99.94612932326496,100.14092016981722,95.020776052158,100.14092016981722,105.28415759347104,100.14092016981722,109.8241106244608,99.8423088833551,104.80491900322372,99.8423088833551,114.97158519247164,99.8423088833551
