left_mid_x,left_mid_y,left_inner_x,left_inner_y,left_outer_x,left_outer_y,right_mid_x,right_mid_y,right_inner_x,right_inner_y,right_outer_x,right_outer_y
100.00344051133916,99.8910535837504,94.78424628466584,99.8910535837504,104.9625437519587,99.8910535837504,109.97905463498918,100.246818313696,104.81889167238155,100.246818313696,114.9830101264489,100.246818313696
