left_mid_x,left_mid_y,left_inner_x,left_inner_y,left_outer_x,left_outer_y,right_mid_x,right_mid_y,right_inner_x,right_inner_y,right_outer_x,right_outer_y
100.0190030595552,100.12124367121233,94.99082922555438,100.12124367121233,105.17699522585916,100.12124367121233,110.00708184379468,100.00112582446675,105.10267847973375,100.00112582446675,114.96115170832476,100.00112582446675
