left_mid_x,left_mid_y,left_inner_x,left_inner_y,left_outer_x,left_outer_y,right_mid_x,right_mid_y,right_inner_x,right_inner_y,right_outer_x,right_outer_y
100.14842731948008,99.99021697441567,94.97064834364812,99.99021697441567,105.22143460447984,99.99021697441567,109.99968887020609,100.14190382911607,105.01784312609831,100.14190382911607,114.86261667876956,100.14190382911607
