left_mid_x,left_mid_y,left_inner_x,left_inner_y,left_outer_x,left_outer_y,right_mid_x,right_mid_y,right_inner_x,right_inner_y,right_outer_x,right_outer_y
99.9352377136022,100.0634488078414,94.96381939186293,100.0634488078414,104.8756091981514,100.0634488078414,109.95450745339608,100.03134509028445,104.9936947607887,100.03134509028445,115.06727806387636,100.03134509028445
