left_mid_x,left_mid_y,left_inner_x,left_inner_y,left_outer_x,left_outer_y,right_mid_x,right_mid_y,right_inner_x,right_inner_y,right_outer_x,right_outer_y
99.79824947727262,100.06982502034928,94.73236946913038,100.06982502034928,104.81389957371547,100.06982502034928,109.96703782640915,99.991384622526,104.7610755123735,99.991384622526,114.78689995000812,99.991384622526
