left_mid_x,left_mid_y,left_inner_x,left_inner_y,left_outer_x,left_outer_y,right_mid_x,right_mid_y,right_inner_x,right_inner_y,right_outer_x,right_outer_y
99.89605404483024,100.0327193670568,94.91048644375785,100.0327193670568,104.9389141949573,100.0327193670568,109.9712562945203,100.06859826800648,104.97225038301994,100.06859826800648,115.16101863751784,100.06859826800648
