left_mid_x,left_mid_y,left_inner_x,left_inner_y,left_outer_x,left_outer_y,right_mid_x,right_mid_y,right_inner_x,right_inner_y,right_outer_x,right_outer_y
99.9854758680804,100.0599091327014,95.13218842884444,100.0599091327014,105.0465603270964,100.0599091327014,110.04301404209312,99.9826035628309,104.91542384355964,99.9826035628309,114.9453248053486,99.9826035628309
