left_mid_x,left_mid_y,left_inner_x,left_inner_y,left_outer_x,left_outer_y,right_mid_x,right_mid_y,right_inner_x,right_inner_y,right_outer_x,right_outer_y
99.98683476485084,100.0375812043456,94.99467364230722,100.0375812043456,105.07346341684396,100.0375812043456,110.1746196047054,100.05501552256632,105.207512505347,100.05501552256632,115.21125222664146,100.05501552256632
