left_mid_x,left_mid_y,left_inner_x,left_inner_y,left_outer_x,left_outer_y,right_mid_x,right_mid_y,right_inner_x,right_inner_y,right_outer_x,right_outer_y
100.0539236429347,99.97491557629972,94.98916537050208,99.97491557629972,104.89353091130444,99.97491557629972,109.86359234333558,100.15406520335866,104.82521517990652,100.15406520335866,114.8029328607642,100.15406520335866
