left_mid_x,left_mid_y,left_inner_x,left_inner_y,left_outer_x,left_outer_y,right_mid_x,right_mid_y,right_inner_x,right_inner_y,right_outer_x,right_outer_y
99.8977145622183,99.95846338845732,94.95728251525644,99.95846338845732,104.93618764858202,99.95846338845732,110.066948570636,100.235100059855,105.12603991743087,100.235100059855,115.13938048688551,100.235100059855
