left_mid_x,left_mid_y,left_inner_x,left_inner_y,left_outer_x,left_outer_y,right_mid_x,right_mid_y,right_inner_x,right_inner_y,right_outer_x,right_outer_y
100.16208084536346,100.09942523645206,95.26237660370526,100.09942523645206,105.3060547459846,100.09942523645206,109.9886352553743,99.83133698121684,105.06632111761188,99.83133698121684,114.98825589465184,99.83133698121684
