left_mid_x,left_mid_y,left_inner_x,left_inner_y,left_outer_x,left_outer_y,right_mid_x,right_mid_y,right_inner_x,right_inner_y,right_outer_x,right_outer_y
99.89144857405336,100.00750631130283,94.88314396261028,100.00750631130283,104.80918090447656,100.00750631130283,109.9210171889709,100.13789469584546,104.97984896708084,100.13789469584546,114.8619461611264,100.13789469584546
