left_mid_x,left_mid_y,left_inner_x,left_inner_y,left_outer_x,left_outer_y,right_mid_x,right_mid_y,right_inner_x,right_inner_y,right_outer_x,right_outer_y
99.83097266851055,100.05334967476064,94.9660976817762,100.05334967476064,104.82208521287332,100.05334967476064,109.72632694946228,100.0468211724378,104.7536916876972,100.0468211724378,114.57079202214253,100.0468211724378
