left_mid_x,left_mid_y,left_inner_x,left_inner_y,left_outer_x,left_outer_y,right_mid_x,right_mid_y,right_inner_x,right_inner_y,right_outer_x,right_outer_y
99.98767799835396,100.12571383963748,95.04960766219928,100.12571383963748,104.8872186554476,100.12571383963748,110.04416000571868,100.0594158170416,104.9039588524416,100.0594158170416,114.94098762636064,100.0594158170416
