left_mid_x,left_mid_y,left_inner_x,left_inner_y,left_outer_x,left_outer_y,right_mid_x,right_mid_y,right_inner_x,right_inner_y,right_outer_x,right_outer_y
99.96282060883392,100.00714859720836,94.99624896391484,100.00714859720836,104.94481675386808,100.00714859720836,109.76500198842916,100.06059644709686,104.66267557403376,100.06059644709686,114.81945899381992,100.06059644709686
