left_mid_x,left_mid_y,left_inner_x,left_inner_y,left_outer_x,left_outer_y,right_mid_x,right_mid_y,right_inner_x,right_inner_y,right_outer_x,right_outer_y
99.96566468285464,99.93397837606514,94.99482351763191,99.93397837606514,104.88286692266936,99.93397837606514,109.71929246073182,100.1153947730484,104.63664904831222,100.1153947730484,114.84539411608644,100.1153947730484
