left_mid_x,left_mid_y,left_inner_x,left_inner_y,left_outer_x,left_outer_y,right_mid_x,right_mid_y,right_inner_x,right_inner_y,right_outer_x,right_outer_y
99.95025525943524,99.83024766367949,94.93059909081262,99.83024766367949,105.07054651171978,99.83024766367949,109.8422672495172,99.9675500548581,104.83257813577586,99.9675500548581,114.95479868564952,99.9675500548581
