left_mid_x,left_mid_y,left_inner_x,left_inner_y,left_outer_x,left_outer_y,right_mid_x,right_mid_y,right_inner_x,right_inner_y,right_outer_x,right_outer_y
99.92101039064092,99.85458518701836,95.22385731680394,99.85458518701836,104.79704374154664,99.85458518701836,109.98039091312836,100.18581066952436,104.99978484091044,100.18581066952436,114.98818246326027,100.18581066952436
