left_mid_x,left_mid_y,left_inner_x,left_inner_y,left_outer_x,left_outer_y,right_mid_x,right_mid_y,right_inner_x,right_inner_y,right_outer_x,right_outer_y
99.90138430303116,99.79196768269686,94.78863555718225,99.79196768269686,104.76186171544902,99.79196768269686,109.8059557825707,100.03857043588528,104.58451375120978,100.03857043588528,114.74742009373212,100.03857043588528
