left_mid_x,left_mid_y,left_inner_x,left_inner_y,left_outer_x,left_outer_y,right_mid_x,right_mid_y,right_inner_x,right_inner_y,right_outer_x,right_outer_y
99.96955051405874,99.907457447682,94.93689142600734,99.907457447682,104.8919927298131,99.907457447682,110.03381786351343,99.84542488637194,105.1439816816058,99.84542488637194,115.14133947549888,99.84542488637194
