left_mid_x,left_mid_y,left_inner_x,left_inner_y,left_outer_x,left_outer_y,right_mid_x,right_mid_y,right_inner_x,right_inner_y,right_outer_x,right_outer_y
100.15140084369727,99.9913628286222,95.1487217890236,99.9913628286222,105.40639269261176,99.9913628286222,109.981319847636,99.846190387082,105.04711777336296,99.846190387082,115.016045203246,99.846190387082
