left_mid_x,left_mid_y,left_inner_x,left_inner_y,left_outer_x,left_outer_y,right_mid_x,right_mid_y,right_inner_x,right_inner_y,right_outer_x,right_outer_y
99.97849662945856,99.94957207385724,95.0116480347914,99.94957207385724,105.24626330385335,99.94957207385724,110.17087639193122,100.0342382509037,105.07036257444857,100.0342382509037,115.13817101237257,100.0342382509037
