left_mid_x,left_mid_y,left_inner_x,left_inner_y,left_outer_x,left_outer_y,right_mid_x,right_mid_y,right_inner_x,right_inner_y,right_outer_x,right_outer_y
99.93848709628108,100.09463178117616,94.98051906951632,100.09463178117616,104.93420373523448,100.09463178117616,110.25758135244224,100.0976068660659,105.08765106652253,100.0976068660659,115.1675258980905,100.0976068660659
