left_mid_x,left_mid_y,left_inner_x,left_inner_y,left_outer_x,left_outer_y,right_mid_x,right_mid_y,right_inner_x,right_inner_y,right_outer_x,right_outer_y
100.06480912704995,100.25932744566816,95.0909328986312,100.25932744566816,105.0086478294298,100.25932744566816,110.1637298080162,99.93124644672316,105.16509979836252,99.93124644672316,114.99080702959364,99.93124644672316
