left_mid_x,left_mid_y,left_inner_x,left_inner_y,left_outer_x,left_outer_y,right_mid_x,right_mid_y,right_inner_x,right_inner_y,right_outer_x,right_outer_y
99.9775371587791,100.00470110292252,94.94550727250352,100.00470110292252,105.24212834054244,100.00470110292252,110.09904228332375,99.86146362084068,105.2986779742645,99.86146362084068,114.98710391551096,99.86146362084068
