left_mid_x,left_mid_y,left_inner_x,left_inner_y,left_outer_x,left_outer_y,right_mid_x,right_mid_y,right_inner_x,right_inner_y,right_outer_x,right_outer_y
99.7307047278284,99.7916046127799,94.72131767423696,99.7916046127799,104.64725000957566,99.7916046127799,109.96455142843426,100.05242934736266,104.787078861607,100.05242934736266,114.99954033788124,100.05242934736266
