left_mid_x,left_mid_y,left_inner_x,left_inner_y,left_outer_x,left_outer_y,right_mid_x,right_mid_y,right_inner_x,right_inner_y,right_outer_x,right_outer_y
99.89811742663676,99.94261034973856,94.78851778324606,99.94261034973856,105.0071524358683,99.94261034973856,109.87738656374572,99.93100012299526,104.67112808749128,99.93100012299526,114.82076753642014,99.93100012299526
