left_mid_x,left_mid_y,left_inner_x,left_inner_y,left_outer_x,left_outer_y,right_mid_x,right_mid_y,right_inner_x,right_inner_y,right_outer_x,right_outer_y
100.09995708824074,100.15900951855494,95.00935572684664,100.15900951855494,105.05166183505604,100.15900951855494,109.89433550094888,100.0653735458036,104.96036733693236,100.0653735458036,114.75247495373168,100.0653735458036
