left_mid_x,left_mid_y,left_inner_x,left_inner_y,left_outer_x,left_outer_y,right_mid_x,right_mid_y,right_inner_x,right_inner_y,right_outer_x,right_outer_y
100.0589321625885,99.94026507573945,95.17772601645169,99.94026507573945,105.11606904860032,99.94026507573945,109.97292661325638,99.8110228215126,105.07748252905216,99.8110228215126,115.0224211024455,99.8110228215126
