left_mid_x,left_mid_y,left_inner_x,left_inner_y,left_outer_x,left_outer_y,right_mid_x,right_mid_y,right_inner_x,right_inner_y,right_outer_x,right_outer_y
99.98362874334563,100.1624961734305,94.94137330311747,100.1624961734305,104.9904715939646,100.1624961734305,109.97609131929018,100.00850628042188,104.90942670287572,100.00850628042188,114.87424778928472,100.00850628042188
