left_mid_x,left_mid_y,left_inner_x,left_inner_y,left_outer_x,left_outer_y,right_mid_x,right_mid_y,right_inner_x,right_inner_y,right_outer_x,right_outer_y
99.82407515510334,99.88120924011736,94.76662590681258,99.88120924011736,104.74273779406106,99.88120924011736,109.9577282926958,100.09136409037365,104.93698431648876,100.09136409037365,114.75456090080496,100.09136409037365
