left_mid_x,left_mid_y,left_inner_x,left_inner_y,left_outer_x,left_outer_y,right_mid_x,right_mid_y,right_inner_x,right_inner_y,right_outer_x,right_outer_y
100.0652660530542,99.88852349139152,95.09957397243136,99.88852349139152,105.03625504443096,99.88852349139152,110.02835871063375,100.1967572178591,105.2513690497349,100.1967572178591,115.01778632709978,100.1967572178591
