left_mid_x,left_mid_y,left_inner_x,left_inner_y,left_outer_x,left_outer_y,right_mid_x,right_mid_y,right_inner_x,right_inner_y,right_outer_x,right_outer_y
100.04345424249944,99.86490957447454,94.91224375358344,99.86490957447454,105.05324900258611,99.86490957447454,109.8824848897449,100.02833765093511,104.94899603576508,100.02833765093511,114.8192039853033,100.02833765093511
