left_mid_x,left_mid_y,left_inner_x,left_inner_y,left_outer_x,left_outer_y,right_mid_x,right_mid_y,right_inner_x,right_inner_y,right_outer_x,right_outer_y
100.15988056047222,99.8929790526214,94.95232167804502,99.8929790526214,105.21431253674622,99.8929790526214,110.16914945083332,99.75696170936077,105.0982971684353,99.75696170936077,115.23077576340152,99.75696170936077
