left_mid_x,left_mid_y,left_inner_x,left_inner_y,left_outer_x,left_outer_y,right_mid_x,right_mid_y,right_inner_x,right_inner_y,right_outer_x,right_outer_y
99.9840463365119,100.0730752927746,94.79319448097318,100.0730752927746,104.98113824877812,100.0730752927746,109.9089519947706,100.13472229998352,105.06734534588036,100.13472229998352,114.86359051846792,100.13472229998352
