left_mid_x,left_mid_y,left_inner_x,left_inner_y,left_outer_x,left_outer_y,right_mid_x,right_mid_y,right_inner_x,right_inner_y,right_outer_x,right_outer_y
100.01422187307136,99.85389899644498,94.84120197161326,99.85389899644498,104.90595257279875,99.85389899644498,109.88212649683636,100.19445088333036,104.74182727326348,100.19445088333036,114.89569227322356,100.19445088333036
