left_mid_x,left_mid_y,left_inner_x,left_inner_y,left_outer_x,left_outer_y,right_mid_x,right_mid_y,right_inner_x,right_inner_y,right_outer_x,right_outer_y
99.87072958489634,100.11783484871216,94.9777501260259,100.11783484871216,104.84136358839542,100.11783484871216,109.89549674841172,100.17406222273388,104.86341188800698,100.17406222273388,114.75714654004712,100.17406222273388
