left_mid_x,left_mid_y,left_inner_x,left_inner_y,left_outer_x,left_outer_y,right_mid_x,right_mid_y,right_inner_x,right_inner_y,right_outer_x,right_outer_y
99.80971326027024,99.9566059274438,94.6367542793643,99.9566059274438,104.94594173166804,99.9566059274438,109.95071785208845,100.02490483413776,105.03582020273606,100.02490483413776,114.90383582336302,100.02490483413776
