left_mid_x,left_mid_y,left_inner_x,left_inner_y,left_outer_x,left_outer_y,right_mid_x,right_mid_y,right_inner_x,right_inner_y,right_outer_x,right_outer_y
99.79390978399348,99.88492497525203,94.62822245801624,99.88492497525203,104.851878818296,99.88492497525203,109.87906222572882,100.15047540547262,104.87550883263197,100.15047540547262,114.9232470244868,100.15047540547262
