left_mid_x,left_mid_y,left_inner_x,left_inner_y,left_outer_x,left_outer_y,right_mid_x,right_mid_y,right_inner_x,right_inner_y,right_outer_x,right_outer_y
99.95492415936988,99.88833084939738,94.86284959796814,99.88833084939738,104.9614099574774,99.88833084939738,110.02313538631152,99.9862089112532,105.1435210708286,99.9862089112532,115.28107077659584,99.9862089112532
