left_mid_x,left_mid_y,left_inner_x,left_inner_y,left_outer_x,left_outer_y,right_mid_x,right_mid_y,right_inner_x,right_inner_y,right_outer_x,right_outer_y
99.90408333711106,99.97503449070216,94.82102343511892,99.97503449070216,105.0788731576589,99.97503449070216,109.76834299156972,100.1527084301791,104.78522954864548,100.1527084301791,114.85217980765032,100.1527084301791
