left_mid_x,left_mid_y,left_inner_x,left_inner_y,left_outer_x,left_outer_y,right_mid_x,right_mid_y,right_inner_x,right_inner_y,right_outer_x,right_outer_y
99.94934135697048,99.87761096645654,94.91612244551033,99.87761096645654,105.1844171313531,99.87761096645654,109.75283470429127,99.98455646871992,104.80240375026786,99.98455646871992,114.51424060009796,99.98455646871992
