left_mid_x,left_mid_y,left_inner_x,left_inner_y,left_outer_x,left_outer_y,right_mid_x,right_mid_y,right_inner_x,right_inner_y,right_outer_x,right_outer_y
99.93758775312708,99.86941185026622,95.13402030960444,99.86941185026622,104.81813926202416,99.86941185026622,109.80792859750856,100.04859603383925,104.83484246565736,100.04859603383925,114.7427502049639,100.04859603383925
