left_mid_x,left_mid_y,left_inner_x,left_inner_y,left_outer_x,left_outer_y,right_mid_x,right_mid_y,right_inner_x,right_inner_y,right_outer_x,right_outer_y
99.77111105522766,100.0364988394482,94.86535049086756,100.0364988394482,104.86986356942036,100.0364988394482,110.20942269759088,99.99045733513442,105.35409540477036,99.99045733513442,115.20848902757724,99.99045733513442
