left_mid_x,left_mid_y,left_inner_x,left_inner_y,left_outer_x,left_outer_y,right_mid_x,right_mid_y,right_inner_x,right_inner_y,right_outer_x,right_outer_y
100.0546388717058,100.05031108076577,94.94120430122857,100.05031108076577,105.0237798596348,100.05031108076577,109.96283313744595,99.9519461831074,104.77514632629192,99.9519461831074,115.05973495963336,99.9519461831074
