left_mid_x,left_mid_y,left_inner_x,left_inner_y,left_outer_x,left_outer_y,right_mid_x,right_mid_y,right_inner_x,right_inner_y,right_outer_x,right_outer_y
99.9215829319776,99.8880363397052,94.90088000649864,99.8880363397052,104.98226210379995,99.8880363397052,110.07150474949128,99.91113266124472,104.9449744669048,99.91113266124472,115.16188248498044,99.91113266124472
