left_mid_x,left_mid_y,left_inner_x,left_inner_y,left_outer_x,left_outer_y,right_mid_x,right_mid_y,right_inner_x,right_inner_y,right_outer_x,right_outer_y
100.01011424042316,99.76027359215897,94.97153116432284,99.76027359215897,104.84390406163804,99.76027359215897,110.05451263666288,100.0860440916217,105.05462563811108,100.0860440916217,115.19788489867229,100.0860440916217
