left_mid_x,left_mid_y,left_inner_x,left_inner_y,left_outer_x,left_outer_y,right_mid_x,right_mid_y,right_inner_x,right_inner_y,right_outer_x,right_outer_y
99.89236375754626,99.8932834969824,94.79863662814712,99.8932834969824,104.85021220805083,99.8932834969824,109.96690615382104,99.83173835815334,104.95090848709124,99.83173835815334,115.0895157675498,99.83173835815334
