left_mid_x,left_mid_y,left_inner_x,left_inner_y,left_outer_x,left_outer_y,right_mid_x,right_mid_y,right_inner_x,right_inner_y,right_outer_x,right_outer_y
100.0383140268572,100.02811402146618,95.03212690308808,100.02811402146618,105.086526174289,100.02811402146618,109.97205825352565,99.718230573491,105.10981282100424,99.718230573491,115.01616369345662,99.718230573491
