left_mid_x,left_mid_y,left_inner_x,left_inner_y,left_outer_x,left_outer_y,right_mid_x,right_mid_y,right_inner_x,right_inner_y,right_outer_x,right_outer_y
99.95787700901384,99.97329549088856,95.12226995818897,99.97329549088856,104.9013143874561,99.97329549088856,109.91592335252427,100.09670708664692,104.77688651175852,100.09670708664692,114.97066112111462,100.09670708664692
