left_mid_x,left_mid_y,left_inner_x,left_inner_y,left_outer_x,left_outer_y,right_mid_x,right_mid_y,right_inner_x,right_inner_y,right_outer_x,right_outer_y
99.65328112278776,100.22322906777433,94.61730100726646,100.22322906777433,104.70374444019984,100.22322906777433,109.89583100494184,99.90596652704892,105.0251198185802,99.90596652704892,114.96665381007236,99.90596652704892
