left_mid_x,left_mid_y,left_inner_x,left_inner_y,left_outer_x,left_outer_y,right_mid_x,right_mid_y,right_inner_x,right_inner_y,right_outer_x,right_outer_y
99.99478257663412,100.05071570477658,95.0531206785554,100.05071570477658,104.97518449902915,100.05071570477658,110.0490461065383,100.07089878764047,105.0146485988762,100.07089878764047,114.88709859919278,100.07089878764047
