left_mid_x,left_mid_y,left_inner_x,left_inner_y,left_outer_x,left_outer_y,right_mid_x,right_mid_y,right_inner_x,right_inner_y,right_outer_x,right_outer_y
99.96588943738888,99.74115425707588,94.85766261837176,99.74115425707588,105.08110945534764,99.74115425707588,110.07807142294212,100.10053413207768,105.14820381113776,100.10053413207768,115.07417141375338,100.10053413207768
