left_mid_x,left_mid_y,left_inner_x,left_inner_y,left_outer_x,left_outer_y,right_mid_x,right_mid_y,right_inner_x,right_inner_y,right_outer_x,right_outer_y
100.13099302325809,99.9238518259197,95.16422165149751,99.9238518259197,105.3088443800964,99.9238518259197,110.11312457383087,99.75497045765448,104.99607413226596,99.75497045765448,115.24249355141478,99.75497045765448
