left_mid_x,left_mid_y,left_inner_x,left_inner_y,left_outer_x,left_outer_y,right_mid_x,right_mid_y,right_inner_x,right_inner_y,right_outer_x,right_outer_y
100.10512788852196,100.00910570676491,95.05074248924636,100.00910570676491,105.28896230855304,100.00910570676491,110.03324321295396,99.985020508217,105.06425672856903,99.985020508217,115.05712769096829,99.985020508217
