left_mid_x,left_mid_y,left_inner_x,left_inner_y,left_outer_x,left_outer_y,right_mid_x,right_mid_y,right_inner_x,right_inner_y,right_outer_x,right_outer_y
100.1657339443342,100.14921273722564,95.03615880593274,100.14921273722564,105.10182894106424,100.14921273722564,109.9604100743834,99.7533202335041,104.6673381519617,99.7533202335041,114.89268469111686,99.7533202335041
