left_mid_x,left_mid_y,left_inner_x,left_inner_y,left_outer_x,left_outer_y,right_mid_x,right_mid_y,right_inner_x,right_inner_y,right_outer_x,right_outer_y
100.10538591932284,99.9763378155,95.15975904936803,99.9763378155,104.91969980560388,99.9763378155,110.05434753697608,99.9220192779516,105.055905455765,99.9220192779516,114.90236918463044,99.9220192779516
