left_mid_x,left_mid_y,left_inner_x,left_inner_y,left_outer_x,left_outer_y,right_mid_x,right_mid_y,right_inner_x,right_inner_y,right_outer_x,right_outer_y
99.9131653246926,100.06599414090148,94.69548761633526,100.06599414090148,104.87537928829217,100.06599414090148,110.08485617713312,100.0379721086827,105.1274614857988,100.0379721086827,115.01661780268584,100.0379721086827
