left_mid_x,left_mid_y,left_inner_x,left_inner_y,left_outer_x,left_outer_y,right_mid_x,right_mid_y,right_inner_x,right_inner_y,right_outer_x,right_outer_y
99.99362685896608,99.8669300592968,94.767554580019,99.8669300592968,104.9868327226778,99.8669300592968,109.9683540991356,100.2831065692694,104.9759010431732,100.2831065692694,114.95019932838971,100.2831065692694
