left_mid_x,left_mid_y,left_inner_x,left_inner_y,left_outer_x,left_outer_y,right_mid_x,right_mid_y,right_inner_x,right_inner_y,right_outer_x,right_outer_y
100.13603533622572,100.10311460447724,95.34504521351592,100.10311460447724,105.29573689784873,100.10311460447724,109.97889055795405,100.093019995045,105.04177924584155,100.093019995045,114.98387717456566,100.093019995045
