left_mid_x,left_mid_y,left_inner_x,left_inner_y,left_outer_x,left_outer_y,right_mid_x,right_mid_y,right_inner_x,right_inner_y,right_outer_x,right_outer_y
99.90151801347022,99.92830061184075,94.86866607058823,99.92830061184075,104.7341178954192,99.92830061184075,110.17734198167612,100.06752375958553,105.24941817386684,100.06752375958553,115.25841677366483,100.06752375958553
