left_mid_x,left_mid_y,left_inner_x,left_inner_y,left_outer_x,left_outer_y,right_mid_x,right_mid_y,right_inner_x,right_inner_y,right_outer_x,right_outer_y
100.05962153568782,99.8176813743675,94.89618687279,99.8176813743675,105.16047627708878,99.8176813743675,110.07936644243334,99.84761196866177,105.16189938855204,99.84761196866177,114.95477671765012,99.84761196866177
