left_mid_x,left_mid_y,left_inner_x,left_inner_y,left_outer_x,left_outer_y,right_mid_x,right_mid_y,right_inner_x,right_inner_y,right_outer_x,right_outer_y
99.97868204148536,100.03732874430786,94.7954593894426,100.03732874430786,104.9283007018764,100.03732874430786,110.11732691832344,99.96307323700896,104.9894136593542,99.96307323700896,115.26759919680116,99.96307323700896
